symbol,company_name,sector,current_price,previous_close,percent_change,market_cap,fifty_two_week_high,fifty_two_week_low,distance_from_high,volume,avg_volume,rsi,macd,macd_signal,macd_histogram,obv,pe_ratio,forward_pe,peg_ratio,debt_to_equity,free_cash_flow,dividend_yield,book_value,price_to_book,return_on_equity
CPAY,"Corpay, Inc.",Technology,323.25,350.04998779296875,-7.656045915596249,22786992128,400.81,247.1,-19.35081460043412,752900,516766.6666666667,41.28,1.5908,,,-591400,22.67,14.57,,,690412480.0,,49.01,6.6,30.04
CZR,"Caesars Entertainment, Inc.",Consumer Cyclical,25.559999465942383,27.309999465942383,-6.407909316081757,5315661824,45.93,21.4,-44.350099137943864,6900400,4741353.333333333,38.29,-0.4272,,,-20517800,,19.07,,,21125000.0,,19.12,1.34,-3.77
MPWR,"Monolithic Power Systems, Inc.",Technology,673.010009765625,718.5700073242188,-6.340370053608025,32223719424,959.64,438.86,-29.86849133366419,1027900,660573.3333333334,46.63,10.331,,,318800,17.95,39.17,,,443831744.0,93.0,68.24,9.86,67.95
DECK,Deckers Outdoor Corporation,Consumer Cyclical,101.4800033569336,107.69999694824219,-5.775295977304215,15164766208,223.98,93.72,-54.69238174973944,3316300,3904846.6666666665,34.75,-3.4576,,,-2451800,16.03,15.96,,,780141632.0,,16.73,6.07,41.82
SHW,The Sherwin-Williams Company,Basic Materials,335.8800048828125,356.20001220703125,-5.704662163910403,84171866112,400.42,292.27,-16.118074800756084,2797900,1393130.0,29.33,-1.5307,,,-6514300,31.75,26.28,,,1882837504.0,94.0,16.56,20.28,70.22
GTLB,GitLab Inc.,Technology,41.22999954223633,43.709999084472656,-5.6737579368133915,6811195904,74.18,37.897,-44.41898147447247,7014100,4275343.333333333,29.16,-1.0043,,,-29295300,458.11,64.42,,,-12996875.0,,4.9,8.42,1.38
ETSY,"Etsy, Inc.",Consumer Cyclical,55.9900016784668,59.290000915527344,-5.565861335981724,5838749184,66.805,40.05,-16.188905503380298,10589400,5781976.666666667,54.6,3.6001,,,74130700,40.57,21.53,,,643411008.0,,-8.66,-6.47,
XPEV,XPeng Inc.,Consumer Cyclical,18.18000030517578,19.229999542236328,-5.460214571271064,17536882688,27.16,6.6,-33.063327300531,10345100,7363113.333333333,38.3,-0.1693,,,-15540600,,-40.4,,,,,32.33,0.56,-15.45
PYPL,"PayPal Holdings, Inc.",Financial Services,70.83000183105469,74.80999755859375,-5.320138828265291,68884512768,93.66,55.85,-24.37539842936719,16736900,8741870.0,45.87,0.9904,,,37043500,15.92,14.48,,,1741874944.0,,20.69,3.42,22.2
ADBE,Adobe Inc.,Technology,391.67999267578125,413.67999267578125,-5.31812038036907,166934020096,587.75,332.01,-33.35942276890153,10619200,3112333.3333333335,36.51,3.3976,,,16333800,25.06,19.06,,,8303499776.0,,26.75,14.64,52.25
U,Unity Software Inc.,Technology,23.65999984741211,24.979999542236328,-5.284226257059595,9835343872,30.88,13.895,-23.38082950967581,11161400,14197770.0,50.25,0.743,,,-19923100,,-22.75,,,517070240.0,,7.67,3.08,-13.18
PPG,"PPG Industries, Inc.",Basic Materials,106.30000305175781,112.02999877929688,-5.114697661317805,24127444992,137.24,90.24,-22.544445459226313,2505200,1688443.3333333333,35.91,0.0692,,,-3890300,18.78,12.01,,,1066750016.0,256.0,30.52,3.48,17.65
NCLH,Norwegian Cruise Line Holdings Ltd.,Consumer Cyclical,17.780000686645508,18.719999313354492,-5.021360369593642,7944228864,29.29,14.21,-39.29668594521847,17259300,14381580.0,43.66,0.2538,,,157891800,10.1,8.51,,,-750045888.0,,3.19,5.57,95.87
V,Visa Inc.,Financial Services,352.8500061035156,371.3999938964844,-4.994611765701578,675944202240,375.51,252.7,-6.034458175943215,14177500,5532160.0,39.85,3.1981,,,53842400,35.46,27.87,,,14747499520.0,67.0,19.8,17.82,50.65
CCL,Carnival Corporation & plc,Consumer Cyclical,22.40999984741211,23.56999969482422,-4.921509810909484,30362413056,28.72,13.78,-21.970752620431373,36859000,22149956.666666668,45.87,0.6302,,,175183300,14.46,13.03,,,951500032.0,,7.0,3.2,25.87
ESTC,Elastic N.V.,Technology,79.38999938964844,83.25,-4.636637369791666,8378423808,123.96,69.0,-35.955147313933175,2595100,2281470.0,33.09,-1.3343,,,-1265500,,42.91,,,367155744.0,,8.79,9.04,-12.98
MA,Mastercard Incorporated,Financial Services,562.030029296875,589.280029296875,-4.6242870359130475,510369333248,594.71,428.86,-5.4951103400186705,5902700,2279646.6666666665,38.12,3.4142,,,17830200,39.36,34.31,,,14451000320.0,54.0,7.33,76.66,187.7
PCG,PG&E Corporation,Utilities,13.640000343322754,14.300000190734863,-4.615383486775972,29976356864,21.72,13.515,-37.2007350675748,50996300,21523010.0,14.46,-0.7601,,,-276834300,12.51,9.22,,,-5102249984.0,73.0,13.24,1.03,8.26
UAL,"United Airlines Holdings, Inc.",Industrials,74.0,77.43000030517578,-4.429807944797986,24168472576,116.0,37.02,-36.206896551724135,10125900,7498860.0,40.04,0.6496,,,13838200,6.73,6.12,,,2363875072.0,,38.52,1.92,33.57
GPN,Global Payments Inc.,Industrials,74.62000274658203,78.02999877929688,-4.370109042753943,18198325248,120.0,65.93,-37.816664377848305,1989000,3123626.6666666665,40.09,-0.3495,,,-8870600,12.07,5.83,,,3779338752.0,134.0,90.68,0.82,7.1
APO,"Apollo Global Management, Inc.",Financial Services,132.11000061035156,138.11000061035156,-4.344363169563472,75500077056,189.49,95.11,-30.28128101200509,4238000,3199093.3333333335,44.9,-0.1694,,,5141600,23.06,15.58,,,,154.0,29.06,4.55,18.69
LYFT,"Lyft, Inc.",Technology,14.779999732971191,15.4399995803833,-4.274610526872338,6216999936,19.065,8.925,-22.475742287064303,12715400,19807233.333333332,42.97,0.188,,,106841600,98.53,14.93,,,842339008.0,,1.99,7.41,8.56
MGM,MGM Resorts International,Consumer Cyclical,31.729999542236328,33.13999938964844,-4.2546767452643195,8635287552,47.26,25.3,-32.86077117597053,5966500,4842050.0,44.98,0.0297,,,-12245100,14.17,13.8,,,556492032.0,,10.2,3.11,25.82
APP,AppLovin Corporation,Communication Services,364.489990234375,380.5799865722656,-4.227756820006984,123338678272,525.15,60.67,-30.593165717533083,4345500,6547773.333333333,46.65,11.6447,,,13705800,65.79,70.64,,,1899940096.0,,1.7,214.28,287.51
DAY,Dayforce Inc,Technology,57.08000183105469,59.59000015258789,-4.212113299389206,9126007808,82.69,47.08,-30.971094653459076,2114900,2162223.3333333335,42.82,0.1533,,,6368300,356.75,25.83,,,267812496.0,,16.2,3.52,1.03
SMCI,"Super Micro Computer, Inc.",Technology,41.560001373291016,43.36000061035156,-4.151289694933315,24803756032,101.402,17.25,-59.014613742045505,36436600,47706233.333333336,52.98,1.3966,,,161801800,22.59,9.8,,,-272670496.0,,10.69,3.89,20.06
EIX,Edison International,Utilities,48.31999969482422,50.369998931884766,-4.069881438418841,18591797248,88.77,47.86,-45.567196468599505,6043400,3363480.0,27.3,-1.6704,,,-6976200,6.83,8.48,,,-1136125056.0,685.0,38.92,1.24,15.0
BBY,"Best Buy Co., Inc.",Consumer Cyclical,69.5999984741211,72.54000091552734,-4.05293962544869,14709751808,103.71,54.99,-32.88979030554325,2916700,3705560.0,46.76,0.6033,,,-19433600,16.98,10.18,,,1394499968.0,546.0,13.08,5.32,30.21
TPR,"Tapestry, Inc.",Consumer Cyclical,78.91000366210938,82.19999694824219,-4.002425070896755,16388818944,90.85,35.23,-13.142538621783842,3129700,3807886.6666666665,50.7,0.912,,,41463800,20.77,16.58,,,575350016.0,177.0,7.19,10.97,40.27
TGT,Target Corporation,Consumer Defensive,95.37000274658203,99.29000091552734,-3.948029139691838,43332886528,167.4,87.35,-43.02867219439545,7298100,7681903.333333333,47.84,0.4226,,,-22548300,10.48,9.07,,,2960250112.0,472.0,32.9,2.9,29.08
LI,Li Auto Inc.,Consumer Cyclical,27.760000228881836,28.8700008392334,-3.8448236165033554,28349067264,33.12,17.44,-16.1835741881587,2960100,4005590.0,46.27,0.531,,,23263300,26.19,18.03,,,2200474112.0,,71.53,0.39,12.08
EL,The Est√©e Lauder Companies Inc.,Consumer Defensive,67.30999755859375,69.98999786376953,-3.8291189983920386,24214906880,115.82,48.37,-41.883959973585085,3199700,3521210.0,54.27,1.9206,,,22929700,,24.93,,,1570625024.0,208.0,12.08,5.57,-15.98
LVS,Las Vegas Sands Corp.,Consumer Cyclical,40.33000183105469,41.90999984741211,-3.769978578167389,28498307072,56.61,30.18,-28.758166700133035,4893700,5563656.666666667,47.12,0.4267,,,12974700,22.53,14.67,,,1662249984.0,248.0,3.82,10.56,44.69
DAL,"Delta Air Lines, Inc.",Industrials,47.040000915527344,48.880001068115234,-3.7643210155086018,30714910720,69.98,34.74,-32.780793204447924,12946200,10275920.0,42.56,0.5027,,,42186800,8.34,6.7,,,1395000064.0,128.0,23.82,1.98,27.52
ON,ON Semiconductor Corporation,Technology,51.02000045776367,52.97999954223633,-3.6995075526758363,21320493056,80.08,31.04,-36.28871071707833,9656900,11252133.333333334,62.45,2.6337,,,91754200,35.43,11.81,,,1121924992.0,,19.22,2.66,7.85
TTD,"The Trade Desk, Inc.",Communication Services,67.95999908447266,70.56999969482422,-3.6984563152024306,33398194176,141.53,42.96,-51.98191260900682,6699000,10116116.666666666,42.73,1.26,,,131038300,82.88,35.21,,,669077888.0,,5.53,12.29,16.88
HPQ,HP Inc.,Technology,23.84000015258789,24.739999771118164,-3.6378319598084476,22392268800,39.8,21.21,-40.10050212917615,7084000,9234500.0,32.02,-0.6085,,,-60452800,9.17,6.62,,,2612624896.0,486.0,-1.35,-17.59,
NKE,"NIKE, Inc.",Consumer Cyclical,60.529998779296875,62.79999923706055,-3.6146504543650737,89341673472,98.04,52.28,-38.25989516595587,16493600,14328290.0,46.73,0.7017,,,-9701900,20.11,18.74,,,5077624832.0,264.0,9.48,6.38,31.93
ANET,Arista Networks Inc,Technology,92.3499984741211,95.7699966430664,-3.571053867414868,115984211968,133.575,59.43,-30.862812297120644,6206100,9483320.0,48.17,0.6849,,,75773600,38.97,9.49,,,3057000960.0,,8.05,11.47,33.68
SHOP,Shopify Inc.,Technology,105.33999633789062,109.20999908447266,-3.5436340802352992,136605958144,129.38,48.56,-18.58092723922505,7971800,14244573.333333334,49.14,1.81,,,75159600,85.64,56.94,,,841500032.0,,8.52,12.36,16.14
EXPE,"Expedia Group, Inc.",Consumer Cyclical,165.6300048828125,171.6999969482422,-3.535231318180772,21055051776,207.73,110.2,-20.266689990462375,1404100,2149193.3333333335,46.05,2.2003,,,8975200,19.76,11.53,,,1859500032.0,97.0,8.39,19.74,52.19
RIVN,"Rivian Automotive, Inc.",Consumer Cyclical,13.420000076293945,13.90999984741211,-3.522643971914394,15384955904,18.855,9.5,-28.82524488839064,26923600,34240113.333333336,36.98,-0.1992,,,-5779200,,-4.9,,,-1404375040.0,,5.43,2.47,-53.72
MRVL,"Marvell Technology, Inc.",Technology,67.19000244140625,69.63999938964844,-3.5180886986141537,57931218944,127.48,47.09,-47.293691213205015,14148600,20029716.666666668,56.3,1.6621,,,-30753700,,26.88,,,970537472.0,36.0,15.44,4.35,-3.54
APTV,Aptiv PLC,Consumer Cyclical,67.25,69.68000030517578,-3.487371260811092,14642342912,80.95,47.19,-16.924027177269924,2103400,2120836.6666666665,53.66,1.4254,,,4008300,10.99,9.63,,,1634625024.0,,40.04,1.68,15.24
NAVI,Navient Corporation,Financial Services,13.210000038146973,13.680000305175781,-3.4356743899412456,1336191488,16.965,10.53,-22.133804667568686,354800,579050.0,47.52,0.1502,,,5617500,25.4,8.93,,,,484.0,25.55,0.52,2.09
AXP,American Express Company,Financial Services,287.7900085449219,297.989990234375,-3.4229276229817778,201622519808,326.27,220.43,-11.793910397853958,3405600,2561950.0,42.5,2.6628,,,1777700,20.08,19.03,,,,114.0,44.51,6.47,34.27
GRMN,Garmin Ltd.,Technology,201.32000732421875,208.38999938964844,-3.3926733941825047,38762352640,246.5,158.38,-18.328597434394016,838400,798090.0,47.08,2.7253,,,7877900,26.52,26.99,,,901582016.0,179.0,42.44,4.74,19.04
DELL,Dell Technologies Inc.,Technology,109.55999755859375,113.4000015258789,-3.3862468391667817,74374701056,161.52,66.25,-32.169392299038044,5126300,6294910.0,50.95,2.422,,,-13184700,17.17,11.66,,,1892875008.0,192.0,-4.43,-24.74,
WYNN,"Wynn Resorts, Limited",Consumer Cyclical,84.18000030517578,87.06999969482422,-3.319167795770913,8801355776,107.81,65.25,-21.918189124222447,2024700,2588980.0,39.56,-0.7406,,,4099600,22.51,16.77,,,494949632.0,119.0,-3.44,-24.47,
PATH,UiPath Inc.,Technology,12.239999771118164,12.65999984741211,-3.3175361876469496,6548877312,15.93,9.38,-23.163843244707067,9242900,11663010.0,41.38,0.1018,,,92863500,,27.82,,,471815136.0,,3.17,3.86,-3.62
CLX,The Clorox Company,Consumer Defensive,123.06999969482422,127.27999877929688,-3.307667445670534,15168746496,171.37,122.835,-28.184629926577454,1709100,1712020.0,24.19,-2.7568,,,-13482000,22.06,16.88,,,1120875008.0,397.0,0.22,561.96,318.65
TER,"Teradyne, Inc.",Technology,83.08000183105469,85.91000366210938,-3.2941470264456063,13327693824,163.21,65.77,-49.09625523493984,2736700,2630420.0,53.19,1.937,,,3019200,23.54,19.55,,,499388512.0,58.0,17.41,4.77,21.55
RHP,"Ryman Hospitality Properties, Inc.",Real Estate,94.93000030517578,98.1500015258789,-3.2806940098254787,5979726336,121.77,76.27,-22.041553498254263,561900,796553.3333333334,43.69,0.4178,,,-1834000,20.15,19.37,,,547166720.0,485.0,8.96,10.59,32.49
BLDR,"Builders FirstSource, Inc.",Industrials,111.29000091552734,115.05000305175781,-3.268146055188671,12299214848,203.14,102.6,-45.215122124875776,1414700,2103296.6666666665,47.74,0.0689,,,-874100,14.27,9.55,,,1073425152.0,,38.46,2.89,19.62
SNPS,"Synopsys, Inc.",Technology,478.8599853515625,494.989990234375,-3.2586527406695702,74300391424,624.8,365.74,-23.357876864346586,1162500,1330420.0,45.71,0.8578,,,4486800,55.23,32.2,,,1938772352.0,,63.91,7.49,15.55
MTB,M&T Bank Corporation,Financial Services,178.02999877929688,183.99000549316406,-3.239310036375114,28576663552,225.7,141.14,-21.120957563448435,1301600,1083616.6666666667,43.99,1.1369,,,1262900,11.92,10.94,,,,303.0,163.63,1.09,9.4
MCHP,Microchip Technology Incorporated,Technology,65.7300033569336,67.93000030517578,-3.238623492357858,35454697472,96.98,34.13,-32.22313533003342,9841200,10465290.0,64.23,3.831,,,92063700,,25.28,,,1055487488.0,277.0,13.14,5.0,-0.01
BABA,Alibaba Group Holding Limited,Consumer Cyclical,112.87000274658203,116.62000274658203,-3.21557186733123,272234561536,148.43,71.8,-23.95741915611263,13322800,13880910.0,33.97,-1.9769,,,-12971700,15.15,11.44,,,12916249600.0,93.0,437.0,0.26,11.44
ASML,ASML Holding N.V.,Technology,761.0,786.2100219726562,-3.2065251355359896,306168561664,1110.09,578.51,-31.44699979280959,1742100,1276143.3333333333,56.35,14.5893,,,6649500,29.85,28.5,,,7829562368.0,110.0,44.61,17.06,55.62
LULU,lululemon athletica inc.,Consumer Cyclical,239.11000061035156,247.02999877929688,-3.2060876039679895,28657571840,423.32,226.01,-43.515543652472935,4513600,2869393.3333333335,24.97,-12.1512,,,-25040800,16.25,16.02,,,1183213952.0,,35.74,6.69,42.49
SWK,"Stanley Black & Decker, Inc.",Industrials,65.26000213623047,67.41999816894531,-3.203791295428678,10096570368,110.88,53.91,-41.14357671696386,1730200,2915290.0,48.65,0.7517,,,-9852900,27.65,11.89,,,738774976.0,503.0,57.16,1.14,4.03
CRM,"Salesforce, Inc.",Technology,258.3999938964844,266.9100036621094,-3.1883442541921796,247030398976,369.0,227.77,-29.972901383066564,7648000,7525316.666666667,34.47,-3.8171,,,-24170100,40.5,23.22,,,14429875200.0,64.0,63.33,4.08,10.31
MHK,"Mohawk Industries, Inc.",Consumer Cyclical,101.43000030517578,104.7699966430664,-3.187932084477797,6341880320,164.29,96.24,-38.26161038092654,901100,761413.3333333334,44.77,-0.3918,,,1361200,13.26,9.1,,,669262528.0,,125.7,0.81,6.26
CAG,"Conagra Brands, Inc.",Consumer Defensive,21.56999969482422,22.280000686645508,-3.186718895600659,10296697856,33.24,21.51,-35.1083041671955,10714300,6929993.333333333,26.77,-0.3034,,,-23793600,31.72,8.02,,,1283399936.0,649.0,18.39,1.17,3.66
CMA,Comerica Incorporated,Financial Services,54.9900016784668,56.79999923706055,-3.186615462862142,7226401280,73.45,45.86,-25.13274107764902,1683900,1324510.0,39.97,0.1441,,,-9537100,10.4,10.03,,,,516.0,50.74,1.08,11.17
LEN,Lennar Corporation,Consumer Cyclical,108.61000061035156,112.1500015258789,-3.1564876213670665,28504694784,187.6089,98.42,-42.108289846403046,3319200,2502976.6666666665,48.54,0.4613,,,-6056300,7.93,6.73,,,9169408000.0,184.0,86.16,1.26,15.21
MAR,"Marriott International, Inc.",Consumer Cyclical,254.99000549316406,263.2300109863281,-3.1303442423941696,69840740352,307.52,204.55,-17.081814030578798,1783100,1431590.0,40.81,1.0114,,,369500,28.98,24.06,,,1812999936.0,105.0,-11.52,-22.13,
KKR,KKR & Co. Inc.,Financial Services,121.33000183105469,125.23999786376953,-3.1220026344682332,112255729664,170.4,86.15,-28.796947282244904,4209500,4012230.0,49.14,1.0555,,,19293500,52.3,19.99,,,,61.0,28.06,4.32,7.14
BF-B,Brown-Forman Corporation,Consumer Defensive,26.440000534057617,27.290000915527344,-3.1146953204611183,12524442624,49.89,26.325,-47.00340642602202,7013100,4438826.666666667,18.05,-1.9663,,,-50594400,14.37,13.92,,,294249984.0,343.0,8.45,3.13,23.14
GFS,GLOBALFOUNDRIES Inc.,Technology,36.720001220703125,37.900001525878906,-3.11345714424326,20369833984,61.98,29.77,-40.755080315096606,1309000,1520783.3333333333,45.01,0.1822,,,5243300,,20.51,,,1203250048.0,,19.93,1.84,-1.65
BX,Blackstone Inc.,Financial Services,136.41000366210938,140.7899932861328,-3.111009185945353,165496700928,200.96,115.66,-32.12081824138666,3021400,3493643.3333333335,41.1,-0.0853,,,-25878700,41.34,23.4,,,,297.0,10.32,13.22,26.35
ZBRA,Zebra Technologies Corporation,Technology,283.6099853515625,292.67999267578125,-3.0989502361598484,14422787072,427.76,205.73,-33.69880649159283,309700,521026.6666666667,46.81,4.4415,,,3566200,26.81,17.68,,,888625024.0,,70.91,4.0,16.16
CL,Colgate-Palmolive Company,Consumer Defensive,90.26000213623047,93.13999938964844,-3.0921164615533066,73148506112,109.3,85.32,-17.4199431507498,5332000,4736646.666666667,45.43,0.2051,,,1357200,25.57,23.38,,,2880124928.0,230.0,0.45,201.47,451.26
URI,"United Rentals, Inc.",Industrials,694.8400268554688,716.9199829101562,-3.079835488063741,45163905024,896.98,525.91,-22.535616529301798,468400,491316.6666666667,47.13,5.9193,,,1554100,18.02,14.83,,,2394249984.0,103.0,135.22,5.14,30.17
MAS,Masco Corporation,Industrials,61.880001068115234,63.83000183105469,-3.0549909243316598,13053090816,86.7,56.55,-28.627449748425338,1762700,2109433.3333333335,43.93,0.0288,,,-8065000,16.91,14.0,,,734000000.0,200.0,-1.2,-51.4,1116.56
ADI,"Analog Devices, Inc.",Technology,225.02999877929688,232.1199951171875,-3.054453079025436,111670689792,247.1,158.65,-8.931607131000858,3349600,4123823.3333333335,59.21,5.4377,,,2202900,60.98,29.84,,,2982311936.0,176.0,70.55,3.19,5.21
NIO,NIO Inc.,Consumer Cyclical,3.509999990463257,3.619999885559082,-3.0386712313068633,7711575040,7.71,3.02,-54.474708294899386,39190800,32973566.666666668,37.41,-0.0918,,,-198265600,,-4.13,,,,,-0.17,-20.06,-150.06
INTC,Intel Corporation,Technology,20.139999389648438,20.770000457763672,-3.0332260675504448,87850672128,37.16,17.67,-45.80193920977277,87425300,75458180.0,45.86,-0.0559,,,80340000,,20.76,,,-7000750080.0,,22.87,0.88,-18.13
HST,"Host Hotels & Resorts, Inc.",Real Estate,15.220000267028809,15.6899995803833,-2.995534263379568,10701365248,19.36,12.22,-21.38429614138012,10942700,10635263.333333334,46.39,0.1729,,,48820700,15.85,15.69,,,1235250048.0,526.0,9.59,1.59,10.0
BKNG,Booking Holdings Inc.,Consumer Cyclical,5298.3798828125,5461.9501953125,-2.994723617955683,172410863616,5639.7,3180.0,-6.052097047493658,262000,199436.66666666666,41.96,51.4444,,,426500,33.0,25.25,,,7502374912.0,72.0,-186.92,-28.35,
NXPI,NXP Semiconductors N.V.,Technology,210.89999389648438,217.39999389648438,-2.9898804887248494,53279453184,296.08,148.09,-28.769253615075524,1840200,2719166.6666666665,57.55,5.0794,,,983800,23.0,16.14,,,1445624960.0,192.0,36.82,5.73,25.44
FI,"Fiserv, Inc.",Technology,163.02000427246094,168.02000427246094,-2.975836134304585,90383826944,238.59,146.46,-31.673580505276444,3499800,5965540.0,38.92,-2.7402,,,1599400,28.8,16.0,,,4073125120.0,,46.55,3.5,11.68
TMO,Thermo Fisher Scientific Inc.,Healthcare,402.760009765625,414.8999938964844,-2.92600248480318,152039489536,627.88,390.5,-35.85398328253408,2384700,2695310.0,45.55,-1.2278,,,3989300,23.64,17.15,,,5770375168.0,43.0,130.84,3.08,13.7
IFF,International Flavors & Fragrances Inc.,Basic Materials,76.08999633789062,78.37000274658203,-2.9092845843888204,19463059456,106.77,65.85,-28.734666724837847,1058300,1603953.3333333333,45.63,0.1084,,,6827800,,16.51,,,-1259374976.0,210.0,51.53,1.48,-6.03
STZ,"Constellation Brands, Inc.",Consumer Defensive,164.8800048828125,169.80999755859375,-2.9032405315712535,29356392448,265.7,160.46,-37.945048971466875,1942700,1852723.3333333333,25.25,-5.0923,,,-13643300,,10.87,,,1076337536.0,247.0,38.62,4.27,-0.36
EPAM,"EPAM Systems, Inc.",Technology,170.75,175.83999633789062,-2.894674956720193,9673448448,269.0,138.15,-36.52416356877323,549800,960050.0,43.98,0.9653,,,3717700,23.88,15.26,,,566563904.0,,64.33,2.65,11.57
SNA,Snap-on Incorporated,Industrials,310.0,319.19000244140625,-2.879163623896165,16210209792,373.9,252.98,-17.090131051083173,318900,282656.6666666667,36.16,-0.4691,,,-1496500,16.23,15.41,,,811500032.0,276.0,105.58,2.94,19.54
RCL,Royal Caribbean Cruises Ltd.,Consumer Cyclical,258.0799865722656,265.7300109863281,-2.878871071305565,70084198400,279.89,130.08,-7.792351790965866,2791300,1884060.0,52.95,7.6042,,,10675400,21.02,18.06,,,1198875008.0,116.0,29.31,8.8,48.52
AVGO,Broadcom Inc.,Technology,248.6999969482422,256.07000732421875,-2.878123233950295,1169752981504,265.43,128.5,-6.30298121981608,19006700,21861606.666666668,60.33,9.0454,,,188434000,90.77,40.31,,,26148749312.0,95.0,59.22,4.2,18.98
GNRC,Generac Holdings Inc.,Industrials,124.72000122070312,128.38999938964844,-2.8584766620391537,7368657408,195.94,99.5,-36.347860967284305,786500,787900.0,49.76,1.9351,,,3676200,21.8,15.19,,,488257120.0,,41.79,2.98,13.8
KEY,KeyCorp,Financial Services,15.649999618530273,16.110000610351562,-2.8553753841928042,17151460352,20.04,12.73,-21.906189528292046,13459200,12040466.666666666,44.49,0.1172,,,-2404600,,10.03,,,,524.0,14.84,1.05,0.14
SRE,Sempra,Utilities,74.08000183105469,76.2300033569336,-2.8204137887963903,48312754176,95.77,61.9,-22.64800894742123,3855100,3663746.6666666665,38.69,-0.2445,,,-7227800,16.28,14.41,,,-5204125184.0,348.0,47.17,1.57,9.71
HBAN,Huntington Bancshares Incorporated,Financial Services,15.510000228881836,15.960000038146973,-2.8195476703606803,22595123200,18.45,11.92,-15.934958109041537,36224900,24016170.0,45.08,0.1349,,,73740900,11.93,11.57,,,,400.0,12.66,1.23,10.37
IVZ,Invesco Ltd.,Financial Services,14.529999732971191,14.949999809265137,-2.8093650946647757,6502988800,19.55,11.6,-25.67775072649007,5120700,4787410.0,47.73,0.036,,,8446100,11.62,7.69,,,10569037824.0,578.0,23.88,0.61,5.09
CPRT,"Copart, Inc.",Industrials,48.59000015258789,49.9900016784668,-2.8005630703588418,46983421952,64.38,48.05,-24.526250151308023,8554200,6713113.333333333,13.37,-2.8989,,,-48498800,32.18,27.93,,,873605888.0,,9.08,5.35,18.44
LOW,"Lowe's Companies, Inc.",Consumer Cyclical,217.27000427246094,223.5,-2.7874701241785513,121766371328,287.01,206.39,-24.298803431078728,2425900,2720476.6666666665,35.2,-1.5153,,,-9132500,17.99,17.2,,,5662374912.0,221.0,-23.67,-9.18,
LCID,"Lucid Group, Inc.",Consumer Cyclical,2.0999999046325684,2.1600000858306885,-2.7777860562003345,6405545472,4.43,1.93,-52.595938947346085,102627500,138132040.0,35.28,-0.1156,,,-1021973400,,-2.39,,,-1957797376.0,,1.04,2.01,-50.06
SAP,SAP SE,Technology,293.3599853515625,301.739990234375,-2.777227133965032,344709726208,311.4,188.17,-5.7931967400248805,1445000,1173500.0,39.18,0.5309,,,-2211400,52.39,43.46,,,6805875200.0,87.0,39.17,7.49,12.9
MTD,Mettler-Toledo International Inc.,Healthcare,1155.4200439453125,1188.2099609375,-2.759606304454491,24012863488,1546.93,946.69,-25.308834663151377,109200,218916.66666666666,49.63,16.2572,,,1051500,28.82,27.12,,,743663872.0,,-8.76,-131.96,
PDD,PDD Holdings Inc.,Consumer Cyclical,100.58000183105469,103.43000030517578,-2.7554853192613553,142788411392,155.67,87.11,-35.38896265750967,7187700,9249163.333333334,38.18,-2.8288,,,-40574900,10.8,7.14,,,103603159040.0,,236.86,0.42,36.17
IPG,"The Interpublic Group of Companies, Inc.",Communication Services,23.0,23.639999389648438,-2.707273291761093,8503905280,33.05,22.51,-30.408472012102866,6603100,6722746.666666667,37.4,-0.3748,,,-118972800,17.56,8.36,,,1069362496.0,574.0,9.68,2.38,13.58
OKTA,"Okta, Inc.",Technology,97.4800033569336,100.18000030517578,-2.6951456777972207,17066116096,127.567,70.56,-23.585250607967893,2236700,4375336.666666667,27.14,-4.912,,,-23213700,149.97,33.61,,,812499968.0,,37.51,2.6,2.08
AMP,"Ameriprise Financial, Inc.",Financial Services,501.67999267578125,515.5499877929688,-2.6903298313639614,47771324416,582.05,385.74,-13.808093346657282,393300,445836.6666666667,43.76,3.4671,,,-2178300,17.06,12.99,,,3326500096.0,128.0,56.8,8.83,58.11
KVUE,Kenvue Inc.,Consumer Defensive,21.450000762939453,22.040000915527344,-2.6769515793088337,41182072832,25.17,17.67,-14.779496372906427,37242900,20238963.333333332,33.92,-0.5768,,,-60151100,38.3,17.58,,,1793374976.0,382.0,5.24,4.09,10.22
IP,International Paper Company,Consumer Cyclical,45.88999938964844,47.150001525878906,-2.672326819626718,24225423360,60.36,41.5,-23.972830699720944,2879800,4404206.666666667,40.06,0.0432,,,-4944800,39.22,15.3,,,485624992.0,403.0,34.28,1.34,3.01
HLT,Hilton Worldwide Holdings Inc.,Consumer Cyclical,243.8800048828125,250.5500030517578,-2.6621425215338936,57970278400,275.22,196.04,-11.387252059148146,2254900,1743930.0,41.65,1.0249,,,2346100,38.47,30.52,,,1668749952.0,25.0,-18.33,-13.3,
ZTS,Zoetis Inc.,Healthcare,164.3300018310547,168.82000732421875,-2.659640622181119,73161031680,200.33,139.7,-17.97034801025574,2973500,3089766.6666666665,49.38,1.817,,,25262200,29.5,25.92,,,2299624960.0,122.0,10.44,15.75,52.09
USB,U.S. Bancorp,Financial Services,42.9900016784668,44.15999984741211,-2.6494523844838227,66979708928,53.98,35.18,-20.359389258120046,9467800,7495723.333333333,44.97,0.3712,,,9912700,10.64,9.93,,,,465.0,34.15,1.26,11.53
ZION,"Zions Bancorporation, National Association",Financial Services,47.43000030517578,48.720001220703125,-2.6477850640512086,6999292928,63.22,39.32,-24.97627284850398,1093100,1311540.0,47.23,0.4037,,,-946200,9.26,9.7,,,,363.0,42.43,1.12,13.18
HPE,Hewlett Packard Enterprise Company,Technology,17.649999618530273,18.1299991607666,-2.6475431023463543,23160682496,24.66,11.965,-28.426603331183,13036000,16610136.666666666,49.6,0.2214,,,56731500,16.97,8.4,,,81000000.0,295.0,18.21,0.97,6.37
LW,"Lamb Weston Holdings, Inc.",Consumer Defensive,54.79999923706055,56.279998779296875,-2.629707843527459,7733156864,87.94,47.9,-37.68478594830504,1635100,1642206.6666666667,55.36,0.9994,,,7518200,21.49,11.0,,,15387500.0,270.0,11.58,4.73,21.64
AVY,Avery Dennison Corporation,Consumer Cyclical,174.63999938964844,179.33999633789062,-2.6207187711697197,13652586496,233.48,157.0,-25.201302300133438,316000,627066.6666666666,44.39,0.6749,,,1394200,20.07,16.6,,,579662528.0,215.0,27.63,6.32,31.95
RL,Ralph Lauren Corporation,Consumer Cyclical,260.2099914550781,267.20001220703125,-2.6160256110082565,15696855040,289.33,155.96,-10.06463503436279,919400,790920.0,42.16,3.0912,,,-3259400,22.41,19.99,,,816062528.0,140.0,42.09,6.18,29.49
LUV,Southwest Airlines Co.,Industrials,31.729999542236328,32.58000183105469,-2.60896943231032,18081847296,36.12,23.58,-12.153932607319131,12159700,11234406.666666666,45.86,0.4935,,,33408200,35.65,19.96,,,-837249984.0,227.0,16.43,1.93,5.59
SYF,Synchrony Financial,Financial Services,59.84000015258789,61.439998626708984,-2.6041642413474078,22778515456,70.93,40.545,-15.635133014820408,2960000,3547853.3333333335,55.84,1.0917,,,8251400,8.2,9.25,,,,201.0,40.36,1.48,18.6
RF,Regions Financial Corporation,Financial Services,21.510000228881836,22.079999923706055,-2.5815203659137795,19335985152,27.96,17.74,-23.068668709292435,10896400,7382103.333333333,49.18,0.1965,,,22410700,10.39,9.52,,,,465.0,18.7,1.15,11.31
IEX,IDEX Corporation,Industrials,177.82000732421875,182.50999450683594,-2.5697152615066914,13433340928,238.22,153.36,-25.354711055235178,650900,569776.6666666666,39.68,-0.4639,,,-3232700,28.27,20.87,,,479100000.0,160.0,51.61,3.45,12.72
DOCU,"DocuSign, Inc.",Technology,74.05999755859375,76.01000213623047,-2.565457864534438,14964786176,107.86,48.8,-31.33692049082723,3323600,3396876.6666666665,33.35,-2.3938,,,-19794500,14.08,20.07,,,1139864064.0,,9.97,7.43,70.2
FITB,Fifth Third Bancorp,Financial Services,37.97999954223633,38.97999954223633,-2.565418193287718,25351344128,49.07,32.25,-22.600367755784944,3076900,3707176.6666666665,45.74,0.2815,,,-589700,12.06,10.41,,,,390.0,27.41,1.39,11.71
WBS,Webster Financial Corporation,Financial Services,51.939998626708984,53.29999923706055,-2.5515959283652805,8737813504,63.99,39.34,-18.83106950037665,1646800,1167463.3333333333,49.13,0.6923,,,-749100,11.7,9.06,,,,308.0,52.91,0.98,8.68
CDNS,"Cadence Design Systems, Inc.",Technology,300.0,307.8500061035156,-2.549945086204102,81912594432,328.99,221.56,-8.811817988388707,1188800,1991470.0,45.23,-1.9799,,,6486700,76.34,43.8,,,1264132736.0,,17.49,17.15,25.92
JD,"JD.com, Inc.",Consumer Cyclical,32.7599983215332,33.61000061035156,-2.5290159874515643,47960637440,47.82,24.13,-31.493102631674606,6833600,11272333.333333334,43.45,-0.2116,,,11574000,7.99,7.91,,,7110499840.0,305.0,162.55,0.2,16.28
AMAT,"Applied Materials, Inc.",Technology,170.58999633789062,175.0,-2.520002092633929,136898125824,255.89,123.74,-33.334637407522514,5293900,7070446.666666667,60.24,3.3319,,,29395000,20.75,17.6,,,3740875008.0,108.0,23.63,7.22,36.37
QCOM,QUALCOMM Incorporated,Technology,154.72000122070312,158.6999969482422,-2.507873852598172,169882566656,230.63,120.8,-32.914191032951855,8444900,8181103.333333333,60.54,3.2363,,,46070500,15.8,12.65,,,8322874880.0,230.0,25.21,6.14,42.21
DHI,"D.R. Horton, Inc.",Consumer Cyclical,123.08000183105469,126.23999786376953,-2.5031654675128543,37807837184,199.85,110.44,-38.41380944155382,3219700,3107243.3333333335,50.37,0.1077,,,-7762500,9.33,7.73,,,1288112512.0,130.0,78.82,1.56,17.65
ECL,Ecolab Inc.,Basic Materials,264.2099914550781,270.95001220703125,-2.48755137416385,74906968064,273.69,220.96,-3.4637760038444494,1221100,1135316.6666666667,52.25,2.8657,,,4253500,35.95,35.23,,,1633100032.0,98.0,23.46,11.26,24.77
MRNA,"Moderna, Inc.",Healthcare,26.670000076293945,27.350000381469727,-2.486289929401601,10314409984,139.92,23.15,-80.93910800722274,7146500,12612236.666666666,48.87,0.2527,,,12151300,,-3.07,,,-3197499904.0,,26.01,1.03,-29.34
CDW,CDW Corporation,Technology,170.4199981689453,174.75,-2.4778265127637695,22441756672,241.26,137.31,-29.362514229899144,1116000,1272813.3333333333,38.05,-0.5685,,,-4459200,21.09,16.84,,,957524992.0,147.0,17.64,9.66,48.71
EMN,Eastman Chemical Company,Basic Materials,76.19000244140625,78.1199951171875,-2.470548894538556,8796897280,114.5,70.9,-33.45851315161026,1688100,1864450.0,40.87,-0.1588,,,-5636700,9.71,8.76,,,532375008.0,436.0,50.87,1.5,16.03
PNC,"The PNC Financial Services Group, Inc.",Financial Services,173.3699951171875,177.74000549316406,-2.4586532243269423,68579450880,216.26,145.12,-19.832611154541983,1727600,1936250.0,47.47,1.6702,,,8738900,12.25,11.55,,,,369.0,127.98,1.35,11.33
COF,Capital One Financial Corporation,Financial Services,192.8300018310547,197.67999267578125,-2.453455597138313,123437809664,210.67,128.23,-8.468219570392225,3410800,5200110.0,48.86,1.903,,,-4929900,16.2,12.31,,,,124.0,153.27,1.26,8.03
WDAY,"Workday, Inc.",Technology,244.5399932861328,250.69000244140625,-2.4532327158562612,65193385984,294.0,199.81,-16.823131535328976,2199200,2183876.6666666665,38.93,-1.7488,,,16418700,135.1,29.46,,,2373750016.0,,33.4,7.32,5.7
IR,Ingersoll Rand Inc.,Industrials,80.5,82.5199966430664,-2.4478874518181803,32478771200,106.03,65.61,-24.07809110629067,2209700,3070843.3333333335,45.32,0.7202,,,8283700,39.85,22.74,,,1108525056.0,10.0,25.99,3.1,8.11
PHM,"PulteGroup, Inc.",Consumer Cyclical,101.61000061035156,104.1500015258789,-2.4387910497497316,20365387776,149.47,88.07,-32.01980289666718,1599600,1728920.0,49.54,0.0607,,,-8610600,7.18,7.53,,,761504256.0,87.0,61.33,1.66,25.52
HAS,"Hasbro, Inc.",Consumer Cyclical,67.80999755859375,69.5,-2.431658189073741,9502146560,73.46,49.0,-7.691263873408991,1689600,1906000.0,59.8,1.294,,,17592800,22.38,15.31,,,522600000.0,413.0,8.35,8.12,39.04
ALLE,Allegion plc,Industrials,135.3000030517578,138.6699981689453,-2.430226553462376,11642470400,156.1,113.27,-13.324789845126316,556600,854553.3333333334,32.35,-1.1537,,,-3125200,19.0,17.37,,,520400000.0,151.0,18.67,7.25,42.05
TFC,Truist Financial Corporation,Financial Services,38.970001220703125,39.939998626708984,-2.428636553225105,51032772608,49.06,33.56,-20.566650589679732,6465700,7454246.666666667,42.02,0.0726,,,-34677400,,9.87,,,,534.0,44.85,0.87,0.13
OMC,Omnicom Group Inc.,Communication Services,69.4800033569336,71.19000244140625,-2.4020213875959486,13606547456,107.0,69.13,-35.065417423426545,3958700,3018256.6666666665,35.67,-1.139,,,-22302100,9.49,8.04,,,1268012544.0,403.0,22.41,3.1,31.02
GLW,Corning Incorporated,Technology,49.599998474121094,50.81999969482422,-2.400632089786054,42480959488,55.33,37.18,-10.356048302690954,3573500,4821690.0,56.19,1.0272,,,21152300,95.38,21.47,,,1178125056.0,226.0,13.23,3.75,4.87
C,Citigroup Inc.,Financial Services,76.36000061035156,78.2300033569336,-2.3903907277747694,142619869184,84.74,53.51,-9.889071736663244,11987200,11465403.333333334,55.83,1.3855,,,44810500,12.06,10.62,,,,293.0,103.9,0.73,6.44
MDB,"MongoDB, Inc.",Technology,205.6300048828125,210.66000366210938,-2.3877331680696265,16802912256,370.0,140.78,-44.424323004645274,1567500,2752366.6666666665,58.93,8.2549,,,20923200,,63.47,,,421320384.0,,37.12,5.54,-4.0
NTAP,"NetApp, Inc.",Technology,100.48999786376953,102.94000244140625,-2.3800315907620737,20134778880,135.45,71.84,-25.81026366646767,3516000,2342720.0,51.24,1.7331,,,4116800,17.72,13.26,,,1158625024.0,207.0,5.17,19.42,108.51
MKC,"McCormick & Company, Incorporated",Consumer Defensive,74.01000213623047,75.80999755859375,-2.3743509831563574,19835199488,86.24,66.88,-14.181351882849638,1993800,2333530.0,48.39,0.0834,,,2472500,25.52,23.72,,,535049984.0,243.0,20.22,3.66,14.66
SW,Smurfit Westrock Plc,Consumer Cyclical,41.97999954223633,43.0,-2.3720940878224925,21914105856,56.986,37.01,-26.332784293973376,3757200,3082256.6666666665,40.07,-0.0369,,,7622700,51.2,11.63,,,-1627874944.0,410.0,34.32,1.22,4.23
BAX,Baxter International Inc.,Healthcare,30.6200008392334,31.360000610351562,-2.359693101772131,15713419264,40.49,26.25,-24.376387159216108,2890200,3489576.6666666665,49.6,0.1113,,,-9220900,,10.63,,,1701500032.0,222.0,13.8,2.22,-3.51
LKQ,LKQ Corporation,Consumer Cyclical,38.119998931884766,39.040000915527344,-2.3565624028371026,9840601088,46.64,35.56,-18.267583765255647,1337000,1983786.6666666667,33.5,-0.3416,,,11026800,14.17,10.53,,,510249984.0,315.0,23.9,1.59,11.39
ABNB,"Airbnb, Inc.",Consumer Cyclical,135.5399932861328,138.80999755859375,-2.355741178570816,83657048064,163.93,99.88,-17.318371691494658,5090900,5682683.333333333,55.91,2.4975,,,28787300,34.4,30.12,,,3194249984.0,,12.82,10.57,32.06
KEYS,"Keysight Technologies, Inc.",Technology,158.19000244140625,162.0,-2.3518503448109565,27225921536,186.2,119.72,-15.042963243068606,628100,945550.0,47.28,1.5408,,,1387300,37.13,22.7,,,976499968.0,,31.88,4.96,14.3
POOL,Pool Corporation,Industrials,288.8999938964844,295.8299865722656,-2.342559236836657,10861252608,395.6,284.27,-26.971690117167757,550600,562383.3333333334,37.1,-2.6303,,,-1424300,27.03,24.01,,,402759872.0,173.0,32.89,8.78,31.65
HD,"The Home Depot, Inc.",Consumer Cyclical,354.6600036621094,363.1600036621094,-2.3405661180432613,352861159424,439.37,326.31,-19.279877173655606,3363000,3116036.6666666665,36.44,-1.2081,,,-17066500,24.09,22.73,,,10957625344.0,259.0,8.0,44.36,299.52
LRCX,Lam Research Corporation,Technology,89.5199966430664,91.66000366210938,-2.334722816433412,114506817536,113.0,56.32,-20.778764032684595,10978200,9806973.333333334,67.16,3.016,,,44658400,24.94,20.96,,,2826895104.0,103.0,7.41,12.08,53.14
TXN,Texas Instruments Incorporated,Technology,195.0,199.66000366210938,-2.333969536530531,177152032768,220.39,139.95,-11.52048641045419,5138200,6769056.666666667,62.81,6.3045,,,41432100,36.93,33.16,,,-257000000.0,279.0,18.05,10.8,29.19
PAYC,"Paycom Software, Inc.",Technology,245.0,250.85000610351562,-2.332073335131419,13724288000,267.76,139.5,-8.5001493875112,552400,590683.3333333334,39.29,2.1215,,,2996100,34.85,28.1,,,296926496.0,61.0,31.71,7.73,24.99
PNR,Pentair plc,Industrials,96.62000274658203,98.91000366210938,-2.3152369130935555,15896599552,110.71,72.63,-12.726941787930595,761200,1105326.6666666667,43.4,0.7438,,,-2704400,24.97,19.92,,,658825024.0,103.0,22.09,4.37,18.59
HUBB,Hubbell Incorporated,Industrials,382.0299987792969,391.0400085449219,-2.304114558290766,20389935104,481.345,299.425,-20.63281040017101,446397,619624.3,49.02,4.7779,,,3386519,25.85,21.56,,,640574976.0,138.0,61.11,6.25,25.92
DD,"DuPont de Nemours, Inc.",Basic Materials,66.87000274658203,68.44000244140625,-2.293979600845788,27985029120,90.06,53.77,-25.749497283386596,1789400,2908956.6666666665,45.73,0.2661,,,-1188300,2229.0,15.23,,,1773874944.0,245.0,54.56,1.23,0.2
KMB,Kimberly-Clark Corporation,Consumer Defensive,130.83999633789062,133.88999938964844,-2.277991683965621,43414802432,150.45,124.1,-13.034233075513038,1837800,2366066.6666666665,36.15,-0.4013,,,-3478400,17.83,17.15,,,2051624960.0,385.0,3.32,39.43,207.06
RVTY,"Revvity, Inc.",Healthcare,93.52999877929688,95.69999694824219,-2.267500771310287,11024380928,129.5,87.7,-27.77606271868967,672600,1149160.0,51.65,0.4566,,,-2465800,38.65,18.13,,,742646848.0,30.0,63.96,1.46,3.82
MSCI,MSCI Inc.,Financial Services,542.72998046875,555.1900024414062,-2.2442806819042564,41991835648,642.45,475.32,-15.521833532765204,465500,435963.3333333333,33.16,-1.7618,,,-1098300,37.3,31.85,,,1127484800.0,133.0,-12.35,-43.94,
ROK,"Rockwell Automation, Inc.",Industrials,317.8500061035156,325.1400146484375,-2.24211361766847,35826782208,328.9,215.0,-3.35968193873042,696500,1006843.3333333334,67.25,10.9276,,,15090900,39.98,27.88,,,1083287552.0,165.0,30.51,10.42,24.44
APH,Amphenol Corporation,Technology,92.48999786376953,94.5999984741211,-2.23044465579857,111875899392,94.83,54.77,-2.4675758053679924,7132300,7404613.333333333,67.61,2.6604,,,59497400,44.9,42.82,,,1426462464.0,71.0,8.52,10.86,27.53
WFC,Wells Fargo & Company,Financial Services,72.36000061035156,74.01000213623047,-2.229430452983561,235472470016,81.5,50.15,-11.214723177482746,21164100,15055780.0,37.48,0.0708,,,-40089400,13.01,13.18,,,,221.0,49.81,1.45,11.02
LYV,"Live Nation Entertainment, Inc.",Communication Services,138.1699981689453,141.30999755859375,-2.2220645700219808,32023937024,157.75,87.33,-12.412045534741482,1794100,2860066.6666666665,44.06,0.7478,,,12790200,46.68,57.1,,,1639135232.0,,0.47,297.14,68.51
ARM,Arm Holdings plc,Technology,135.5500030517578,138.6199951171875,-2.214681989300575,143582707712,188.75,80.0,-28.185428846750828,3304700,5227060.0,56.61,3.068,,,8133400,180.73,65.8,,,-31625000.0,,6.47,20.94,13.05
LII,Lennox International Inc.,Industrials,538.0900268554688,550.2100219726562,-2.202794320927478,19094016000,682.5,500.1,-21.158970424107142,311000,362610.0,33.48,-7.2599,,,353900,23.98,23.03,,,589800000.0,97.0,24.02,22.4,131.48
ALB,Albemarle Corporation,Basic Materials,60.720001220703125,62.07500076293945,-2.1828425704108914,7144375808,113.91,49.43,-46.69475794864092,2499200,3373763.3333333335,53.41,0.8671,,,-11906500,,33.0,,,-349651872.0,267.0,66.24,0.92,-9.99
NVR,"NVR, Inc.",Consumer Cyclical,7225.669921875,7386.31982421875,-2.1749654248249657,21126631424,9964.77,6562.85,-27.487840443131155,17700,17640.0,51.54,33.6637,,,22000,14.9,13.95,,,1303018240.0,,1343.02,5.38,38.25
DHR,Danaher Corporation,Healthcare,200.6699981689453,205.10000610351562,-2.15992579363184,143613493248,281.7,171.0,-28.76464388748835,3391400,3768813.3333333335,57.3,2.0046,,,22254400,38.89,23.95,,,4234749952.0,64.0,71.06,2.82,7.22
GIS,"General Mills, Inc.",Consumer Defensive,53.560001373291016,54.7400016784668,-2.155645358045286,29329512448,75.9,52.39,-29.43346327629643,4343700,4576360.0,41.26,-0.0984,,,-19928800,11.77,11.4,,,1192574976.0,448.0,16.92,3.17,26.83
ADSK,"Autodesk, Inc.",Technology,292.1600036621094,298.57000732421875,-2.1469013982870417,62506168320,326.62,223.03,-10.550485683023277,1129700,1487950.0,45.58,2.0825,,,-937500,62.56,31.83,,,2230500096.0,,12.23,23.89,42.36
FTV,Fortive Corporation,Technology,69.43000030517578,70.94000244140625,-2.128562283991565,23598006272,83.32,60.385,-16.670666940499533,4126200,3501480.0,42.02,0.3966,,,2015400,30.45,16.65,,,1302475008.0,46.0,30.12,2.31,7.7
INCY,Incyte Corporation,Healthcare,67.75,69.22000122070312,-2.1236654070781205,13114368000,83.95,53.56,-19.297200714711142,1835000,1900500.0,59.47,1.6704,,,8933000,338.75,11.03,,,618045760.0,,18.93,3.58,0.47
ZBH,"Zimmer Biomet Holdings, Inc.",Healthcare,91.27999877929688,93.26000213623047,-2.1231002697611823,18059565056,116.71,89.22,-21.789050827438196,1370300,2515556.6666666665,39.45,-1.2162,,,4745300,20.28,10.61,,,1321200000.0,105.0,62.63,1.46,7.32
ALGN,"Align Technology, Inc.",Healthcare,177.85000610351562,181.69000244140625,-2.1134879664768547,12891421696,263.24,141.74,-32.438077000639865,779400,838893.3333333334,45.32,0.3775,,,928000,32.34,17.33,,,630043904.0,,51.94,3.42,10.84
ALLY,Ally Financial Inc.,Financial Services,36.02000045776367,36.790000915527344,-2.092961235667408,11064443904,45.46,29.52,-20.765507132064077,2836400,4068693.3333333335,55.42,0.6394,,,-2500600,60.03,8.68,,,,333.0,38.77,0.93,2.16
NVDA,NVIDIA Corporation,Technology,141.97000122070312,145.0,-2.089654330549569,3462307774464,153.13,86.62,-7.287924495067505,180374800,211595310.0,64.09,5.2466,,,1350066300,45.94,34.46,,,55443001344.0,3.0,3.44,41.29,115.46
IT,"Gartner, Inc.",Technology,404.9700012207031,413.5899963378906,-2.0841884942848625,31169284096,584.01,366.05,-30.65700908876507,558800,641493.3333333334,24.23,-6.2894,,,3605200,25.25,30.7,,,1007795904.0,,19.36,20.92,113.19
TWLO,Twilio Inc.,Technology,113.38999938964844,115.80000305175781,-2.081177546284004,17311705088,151.95,52.51,-25.3767690755851,1976300,2651653.3333333335,46.47,2.4122,,,19420400,,26.87,,,698685376.0,,52.23,2.17,-0.39
WAT,Waters Corporation,Healthcare,342.29998779296875,349.57000732421875,-2.0797034582281,20369965056,423.56,279.24,-19.185006187324404,347200,519536.6666666667,43.79,-1.3377,,,-243500,31.06,26.47,,,588827520.0,,32.98,10.38,40.82
MET,"MetLife, Inc.",Financial Services,77.3499984741211,78.98999786376953,-2.076211462211798,51924897792,89.05,65.21,-13.138687844894894,3450700,2739543.3333333335,41.59,0.096,,,2025100,12.64,7.98,,,1656249984.0,293.0,40.83,1.89,15.98
CHTR,"Charter Communications, Inc.",Communication Services,388.7200012207031,396.8999938964844,-2.0609707235003576,53695447040,437.06,273.58,-11.060266045690954,1311100,1303923.3333333333,41.5,-1.4479,,,5744300,10.85,10.86,,,3570749952.0,,115.75,3.36,33.12
MEG,"Montrose Environmental Group, Inc.",Industrials,22.959999084472656,23.440000534057617,-2.0477877075451993,785603904,49.66,10.51,-53.765607965218166,443000,412923.3333333333,72.37,1.4029,,,3375700,,-52.18,,,61973124.0,,12.65,1.81,-14.31
CFG,"Citizens Financial Group, Inc.",Financial Services,40.33000183105469,41.16999816894531,-2.040311817463809,17489063936,49.25,32.6,-18.111671409026016,4457600,4536233.333333333,48.97,0.3664,,,17847400,12.8,10.42,,,,417.0,51.99,0.78,6.37
TEL,TE Connectivity plc,Technology,162.6199951171875,166.0,-2.0361475197665664,48224473088,167.94,116.3,-3.167800930577884,1106500,1631323.3333333333,56.44,2.675,,,13401700,35.35,18.09,,,1521624960.0,175.0,40.67,4.0,11.22
ETN,Eaton Corporation plc,Industrials,323.6600036621094,330.3399963378906,-2.0221567929511544,126648156160,379.99,231.85,-14.82407335400685,1565300,2153396.6666666665,52.79,3.7643,,,1442100,32.69,26.86,,,2571749888.0,129.0,47.29,6.84,20.81
ACN,Accenture plc,Technology,311.7099914550781,318.1300048828125,-2.018047128279923,195138551808,398.35,275.01,-21.749719730117206,3102600,2811246.6666666665,44.82,1.264,,,-1556200,25.7,22.15,,,8601244672.0,190.0,46.69,6.68,26.96
RJF,"Raymond James Financial, Inc.",Financial Services,145.6199951171875,148.61000061035156,-2.011981347745039,29379563520,174.32,104.24,-16.463977101200374,917900,1050410.0,47.1,0.2058,,,-869900,14.03,13.07,,,,137.0,59.73,2.44,18.87
TSM,Taiwan Semiconductor Manufacturing Company Limited,Technology,211.10000610351562,215.42999267578125,-2.0099274564717584,1094874431488,226.4,133.57,-6.7579478341362105,10140000,12308020.0,70.14,7.1231,,,142581600,25.25,26.13,,,697158729728.0,156.0,176.0,1.2,31.64
CHD,"Church & Dwight Co., Inc.",Consumer Defensive,97.08999633789062,99.08000183105469,-2.0084835046302296,23911032832,116.46,90.99,-16.632323254430165,2127800,2399840.0,50.45,1.2128,,,16343200,41.67,26.03,,,764049984.0,122.0,18.48,5.25,13.35
GPC,Genuine Parts Company,Consumer Cyclical,119.68000030517578,122.12999725341797,-2.006056663670007,16610386944,149.22,104.01,-19.796273753400495,1231200,1187126.6666666667,37.23,0.2791,,,3772200,19.65,14.13,,,-12288375.0,344.0,32.06,3.73,19.13
CPT,Camden Property Trust,Real Estate,116.12000274658203,118.48999786376953,-2.0001647058111467,12406029312,127.69,102.35,-9.061004975658209,696900,936950.0,44.39,-0.3575,,,765300,106.53,71.68,,,687080000.0,362.0,42.39,2.74,2.6
AMD,"Advanced Micro Devices, Inc.",Technology,116.16000366210938,118.5,-1.9746804539161393,188341829632,187.28,76.48,-37.97522230771605,39636200,41923183.333333336,54.79,3.508,,,291956900,84.79,22.78,,,3355624960.0,,35.82,3.24,3.9
UBER,"Uber Technologies, Inc.",Technology,83.93000030517578,85.62000274658203,-1.9738406764693956,175511896064,93.6,54.84,-10.331196255154076,17979500,24711883.333333332,42.5,-0.348,,,-38532900,14.7,35.56,,,5420375040.0,,10.51,7.99,69.38
ROP,"Roper Technologies, Inc.",Technology,560.75,572.030029296875,-1.9719295699808153,60289036288,595.17,499.47,-5.783221600551096,436800,495373.3333333333,39.54,-0.5851,,,2174000,40.49,28.01,,,2161250048.0,59.0,178.8,3.14,8.09
TECH,Bio-Techne Corporation,Healthcare,50.52000045776367,51.529998779296875,-1.960020076575256,7919869440,83.62,46.01,-39.58383107179662,1915500,2660890.0,54.47,0.3762,,,34363100,60.87,23.07,,,244408752.0,63.0,12.87,3.92,6.53
PH,Parker-Hannifin Corporation,Industrials,654.0900268554688,666.8599853515625,-1.9149384843298918,83578314752,718.44,488.45,-8.956902893008643,682700,643763.3333333334,46.03,5.5,,,1189300,25.19,22.22,,,2980823296.0,110.0,104.8,6.24,27.15
BEN,"Franklin Resources, Inc.",Financial Services,22.170000076293945,22.600000381469727,-1.9026561854766544,11650800640,24.37,16.25,-9.027492505974786,2203300,5426080.0,59.63,0.3303,,,28688000,32.13,8.53,,,-97662496.0,577.0,23.5,0.94,2.8
MCO,Moody's Corporation,Financial Services,471.8800048828125,481.010009765625,-1.8980904133910121,84909146112,531.93,378.71,-11.28907847220263,471900,591003.3333333334,41.73,2.0877,,,-726500,40.82,35.43,,,2182374912.0,80.0,20.56,22.95,55.5
GEV,GE Vernova Inc.,Industrials,478.45001220703125,487.6700134277344,-1.8906229554484173,130585755648,500.72,150.01,-4.447593024638276,2432400,3033240.0,60.0,15.8282,,,37920600,68.94,69.34,,,4210374912.0,21.0,31.54,15.17,19.64
AKAM,"Akamai Technologies, Inc.",Technology,77.02999877929688,78.51000213623047,-1.8851144015580252,10964142080,106.8,67.51,-27.874532978186444,1859100,2855180.0,44.55,-0.5724,,,-22995000,25.85,11.53,,,514483488.0,,31.38,2.45,9.82
DEO,Diageo plc,Consumer Defensive,105.29000091552734,107.30999755859375,-1.8823937089025105,59401674752,142.73,100.72,-26.231345256409057,663800,746510.0,36.9,-1.7991,,,-2566100,16.32,14.66,,,1523624960.0,393.0,4.63,22.74,32.32
CBRE,"CBRE Group, Inc.",Real Estate,132.97000122070312,135.52000427246094,-1.8816432787524633,39639019520,147.75,85.74,-10.003383268559645,1097700,1717656.6666666667,62.79,1.7446,,,14634900,40.66,22.16,,,1163250048.0,,28.06,4.74,11.92
PCAR,PACCAR Inc,Industrials,91.87999725341797,93.63999938964844,-1.8795409522664206,48233230336,118.81,84.65,-22.66644453041161,1976700,2345716.6666666665,44.42,0.2718,,,40100,13.94,11.84,,,-49712500.0,144.0,34.33,2.68,19.9
BXP,"BXP, Inc.",Real Estate,72.0999984741211,73.4800033569336,-1.8780686169937177,12743171072,90.11,54.22,-19.986684636420936,1065600,1447830.0,62.47,1.9632,,,10999900,,38.56,,,1055764864.0,544.0,33.6,2.15,0.8
CTSH,Cognizant Technology Solutions Corporation,Technology,78.94999694824219,80.45999908447266,-1.876711600064972,38917771264,90.82,63.79,-13.069811772470608,2469100,3191626.6666666665,43.45,0.2673,,,13711000,16.62,15.82,,,1986499968.0,157.0,30.22,2.61,16.61
VTRS,Viatris Inc.,Healthcare,8.920000076293945,9.09000015258789,-1.8701878266255794,10469225472,13.55,6.85,-34.16974113436203,9003200,16380720.0,56.02,0.1031,,,-38398800,,3.34,,,6115174912.0,538.0,13.2,0.68,-21.25
NOW,"ServiceNow, Inc.",Technology,988.6599731445312,1007.3699951171875,-1.8573138036019934,204802883584,1198.09,678.66,-17.48032508872194,1332200,1237456.6666666667,40.16,1.5426,,,-3029500,133.42,59.2,,,3713125120.0,,48.99,20.18,16.86
BMY,Bristol-Myers Squibb Company,Healthcare,49.75,50.689998626708984,-1.854406494723579,101245222912,63.33,39.35,-21.44323385441339,9497600,14168926.666666666,57.78,0.4103,,,76313000,18.56,7.08,,,13926124544.0,498.0,8.54,5.82,31.99
TROW,"T. Rowe Price Group, Inc.",Financial Services,91.58000183105469,93.30999755859375,-1.854030407034055,20176539648,125.81,77.85,-27.207692686547425,1195700,1517916.6666666667,44.27,0.1332,,,3899900,10.4,9.79,,,935237504.0,555.0,47.02,1.95,18.45
GS,"The Goldman Sachs Group, Inc.",Financial Services,613.5399780273438,625.1099853515625,-1.850875461173727,188259221504,672.19,437.37,-8.7252148905304,1674800,2074123.3333333333,59.08,9.87,,,14526900,14.25,14.76,,,,196.0,371.45,1.65,12.22
MS,Morgan Stanley,Financial Services,129.49000549316406,131.9199981689453,-1.842019943533689,207743401984,142.03,90.94,-8.829116740713891,4367500,5446286.666666667,55.06,1.8291,,,17218200,15.18,16.33,,,,286.0,60.41,2.14,13.88
ITW,Illinois Tool Works Inc.,Industrials,241.47999572753906,246.00999450683594,-1.841388106356386,70842023936,279.13,214.66,-13.48834029751762,801600,980090.0,41.82,0.2373,,,-2033100,21.28,22.57,,,2692375040.0,248.0,11.06,21.83,107.58
MLM,"Martin Marietta Materials, Inc.",Basic Materials,542.469970703125,552.6400146484375,-1.840265575373181,32703019008,633.23,441.95,-14.33286946241887,250000,403626.6666666667,44.7,0.7869,,,-244000,31.16,26.03,,,291875008.0,58.0,150.65,3.6,11.87
PRU,"Prudential Financial, Inc.",Financial Services,102.97000122070312,104.9000015258789,-1.8398477379427385,36452102144,130.55,90.38,-21.126004426883863,1358200,1669023.3333333333,45.41,0.3441,,,-4409700,16.24,7.01,,,-16394500096.0,524.0,84.41,1.22,7.91
EQR,Equity Residential,Real Estate,68.87999725341797,70.16999816894531,-1.8383938281164887,26973958144,78.83,59.41,-12.622101670153532,1586500,1887500.0,44.81,-0.3275,,,4507400,26.29,40.76,,,1447674240.0,402.0,29.04,2.37,8.9
WY,Weyerhaeuser Company,Real Estate,26.799999237060547,27.299999237060547,-1.831501882685899,19437316096,34.03,24.1,-21.245961689507652,2811600,3924963.3333333335,56.63,0.3444,,,36209500,54.69,31.16,,,483500000.0,313.0,13.29,2.02,3.71
ESS,"Essex Property Trust, Inc.",Real Estate,284.4599914550781,289.75,-1.8257147696020277,19641847808,317.73,243.85,-10.471157443402225,438300,462246.6666666667,50.52,-0.0098,,,561200,27.25,47.25,,,794400128.0,361.0,86.55,3.29,12.81
PKG,Packaging Corporation of America,Consumer Cyclical,188.55999755859375,192.05999755859375,-1.8223472063370292,16966628352,250.82,172.72,-24.822582904635293,524100,781636.6666666666,44.43,1.2153,,,3442300,19.72,16.78,,,388112512.0,265.0,50.39,3.74,20.21
FIS,"Fidelity National Information Services, Inc.",Technology,79.3499984741211,80.81999969482422,-1.8188582358993317,41690091520,91.98,66.51,-13.731247581951415,2953000,3491126.6666666665,49.14,0.578,,,7967800,50.54,13.9,,,1938875008.0,202.0,28.64,2.77,5.25
DDOG,"Datadog, Inc.",Technology,120.44999694824219,122.68000030517578,-1.8177399342894456,41597767680,170.08,81.63,-29.18038749515394,3961600,4884713.333333333,60.11,2.7237,,,40898800,256.28,59.33,,,791019904.0,,8.46,14.24,6.48
KMX,"CarMax, Inc.",Consumer Cyclical,64.91000366210938,66.11000061035156,-1.8151519243130834,9888065536,91.25,61.34,-28.865749411386986,3432900,3226150.0,45.44,0.0738,,,2761500,20.22,17.22,,,354984000.0,,40.72,1.59,8.13
JBL,Jabil Inc.,Technology,175.83999633789062,179.0800018310547,-1.8092503127293387,18875543552,180.16,95.85,-2.3978705939772267,1224800,1053803.3333333333,69.94,5.1501,,,10966500,39.51,17.57,,,1571374976.0,18.0,12.4,14.18,24.1
TAP,Molson Coors Beverage Company,Consumer Defensive,50.59000015258789,51.52000045776367,-1.8051247999079496,10237240320,64.66,49.38,-21.75997501919596,1993800,2759496.6666666665,26.06,-1.1512,,,-7821100,10.18,8.53,,,671500032.0,372.0,64.61,0.78,7.99
TTWO,"Take-Two Interactive Software, Inc.",Communication Services,230.22999572753906,234.4600067138672,-1.8041503306320346,42106073088,240.78,135.24,-4.381594930002882,2011400,2633146.6666666665,52.26,2.1774,,,10078800,,29.37,,,1150724992.0,,12.07,19.07,-114.76
VMC,Vulcan Materials Company,Basic Materials,260.7699890136719,265.5299987792969,-1.7926448188558246,34448756736,298.31,215.08,-12.584228147339388,621700,982153.3333333334,40.8,-1.3679,,,2347200,36.62,28.72,,,859037504.0,75.0,61.58,4.23,12.07
TM,Toyota Motor Corporation,Consumer Cyclical,178.75,181.99000549316406,-1.7803205645190028,232959508480,208.86,155.0,-14.416355453413775,431900,391683.3333333333,35.99,-1.8573,,,-3355500,7.17,11.33,,,-905465233408.0,387.0,2753.09,0.06,13.28
PG,The Procter & Gamble Company,Consumer Defensive,160.27999877929688,163.17999267578125,-1.777174915215439,375782866944,180.43,156.58,-11.167766569142122,7093900,7088340.0,39.85,-0.0024,,,9106200,25.44,21.6,,,12618874880.0,264.0,21.96,7.3,30.29
TRMB,Trimble Inc.,Technology,71.08000183105469,72.36000061035156,-1.7689314103098046,16958765056,77.78,48.65,-8.614037244722697,753200,1320863.3333333333,53.64,1.0765,,,7037900,11.6,23.85,,,1418562560.0,,22.85,3.11,31.0
AA,Alcoa Corporation,Basic Materials,28.350000381469727,28.860000610351562,-1.7671525228551384,7339871744,47.77,21.53,-40.65312878067883,3200500,6276860.0,56.64,0.4649,,,30768200,7.58,8.89,,,545374976.0,141.0,22.46,1.26,15.35
MDLZ,"Mondelez International, Inc.",Consumer Defensive,66.93000030517578,68.12000274658203,-1.746920718475689,86662299648,76.06,53.95,-12.003680903003183,6528800,6616466.666666667,51.0,0.1371,,,18166600,24.88,19.51,,,3596750080.0,281.0,19.91,3.36,13.3
HSY,The Hershey Company,Consumer Defensive,169.1199951171875,172.1199951171875,-1.7429700703613529,34264387584,208.03,140.13,-18.70403541932053,1834400,1749120.0,60.8,2.1027,,,4675200,20.8,20.13,,,1252741120.0,324.0,23.12,7.31,37.48
SUI,"Sun Communities, Inc.",Real Estate,123.61000061035156,125.80000305175781,-1.7408604040376843,16433701888,147.83,109.22,-16.383683548432963,1163100,809050.0,48.55,0.3354,,,-1634100,148.93,58.03,,,1206249984.0,337.0,54.25,2.28,1.72
EFX,Equifax Inc.,Industrials,264.2900085449219,268.9700012207031,-1.7399682695250038,32824555520,309.63,199.98,-14.64328115979657,663600,814213.3333333334,46.14,0.4385,,,-23000,54.05,28.09,,,783900032.0,76.0,40.11,6.59,12.52
FFIV,"F5, Inc.",Technology,286.6099853515625,291.6600036621094,-1.7314744041481138,16460470272,313.0,165.68,-8.431314584165335,253500,397880.0,51.96,4.1467,,,2521000,27.24,18.61,,,746167488.0,,57.22,5.01,19.89
CARR,Carrier Global Corporation,Industrials,71.23999786376953,72.4800033569336,-1.7108242766733273,61074763776,83.32,54.22,-14.498322295043762,3559100,4994510.0,46.18,-0.099,,,23638100,47.49,23.43,,,4930124800.0,126.0,16.11,4.42,11.12
SJM,The J. M. Smucker Company,Consumer Defensive,95.72000122070312,97.37000274658203,-1.6945686344214734,10186234880,125.42,93.93,-23.680432769332544,2926400,1841013.3333333333,25.13,-3.7728,,,-10190200,,9.09,,,647312512.0,451.0,57.17,1.67,-17.87
UDR,"UDR, Inc.",Real Estate,41.22999954223633,41.939998626708984,-1.6928924838364252,15543544832,47.55,36.61,-13.291273307599724,2075300,2116193.3333333335,45.4,-0.2292,,,-1156400,114.53,87.72,,,617970624.0,417.0,9.93,4.15,2.85
MMM,3M Company,Industrials,142.32000732421875,144.77000427246094,-1.6923374151673225,76593922048,156.35,98.26,-8.97345230302606,2450400,3032370.0,40.66,-0.1887,,,9208900,17.72,18.02,,,374500000.0,205.0,8.29,17.16,93.82
BA,The Boeing Company,Industrials,200.32000732421875,203.75,-1.6834319881134971,151042490368,218.8,128.88,-8.446066122386316,16071900,9003453.333333334,44.27,3.4959,,,27742000,,426.21,,,-7940499968.0,,-4.42,-45.31,
NDSN,Nordson Corporation,Industrials,214.36000061035156,218.02999877929688,-1.6832537675975066,12113248256,266.86,165.03,-19.673236674529136,378300,384436.6666666667,59.85,5.7752,,,2038300,27.55,20.59,,,304186752.0,146.0,52.39,4.09,15.54
COO,"The Cooper Companies, Inc.",Healthcare,69.69999694824219,70.87999725341797,-1.6647860481101802,13906055168,112.38,65.0,-37.97829066716303,1573600,2581396.6666666665,33.79,-2.8315,,,-22680500,33.67,17.08,,,229675008.0,,41.54,1.68,5.15
BLK,"BlackRock, Inc.",Financial Services,971.8200073242188,988.25,-1.6625340425784216,150560194560,1084.22,766.05,-10.366899031172757,674300,605123.3333333334,51.23,10.6126,,,7005100,23.58,19.79,,,5569375232.0,214.0,309.87,3.14,13.93
UMH,"UMH Properties, Inc.",Real Estate,16.770000457763672,17.049999237060547,-1.6422216529386036,1409942784,20.64,15.28,-18.749997782152754,356200,388830.0,44.24,-0.0376,,,-1378300,139.75,98.65,,,56251124.0,537.0,7.13,2.35,3.42
GEN,Gen Digital Inc.,Technology,29.780000686645508,30.270000457763672,-1.618763672639749,18470451200,31.72,22.74,-6.116012967700161,4819900,5198543.333333333,67.56,0.6735,,,34148500,28.91,12.16,,,1312499968.0,168.0,3.68,8.1,29.17
FAST,Fastenal Company,Industrials,42.16999816894531,42.86000061035156,-1.609898347130682,48379105280,43.1,30.68,-2.1577768701964937,6447100,5200080.0,57.96,0.4497,,,31223800,42.17,19.26,,,683987520.0,209.0,3.22,13.11,32.35
CRL,"Charles River Laboratories International, Inc.",Healthcare,149.4499969482422,151.88999938964844,-1.6064273166180156,7340341248,254.15,91.86,-41.19614521021358,699400,1143603.3333333333,66.24,5.2935,,,14775500,,14.54,,,625616896.0,,65.04,2.3,-0.67
CMI,Cummins Inc.,Industrials,319.5299987792969,324.739990234375,-1.6043578283407325,44016857088,387.9,260.02,-17.62567703549964,553600,765193.3333333334,49.33,2.9613,,,1783200,15.75,14.19,,,-424875008.0,228.0,79.3,4.03,26.19
GWW,"W.W. Grainger, Inc.",Industrials,1064.22998046875,1081.550048828125,-1.6014116386145556,51124756480,1227.66,888.75,-13.312319333630654,157600,206256.66666666666,44.01,1.7018,,,551500,27.32,25.27,,,1247750016.0,85.0,72.39,14.7,54.16
ANSS,"ANSYS, Inc.",Technology,338.010009765625,343.5,-1.59825043213246,29716520960,363.03,275.06,-6.891989707290024,428300,768020.0,49.41,1.7964,,,5440400,50.22,30.7,,,772483648.0,,70.29,4.81,10.23
INTU,Intuit Inc.,Technology,753.97998046875,766.2100219726562,-1.5961735233401455,210320457728,773.45,532.65,-2.51729517502748,1148000,1781990.0,68.3,27.6934,,,20217300,61.75,33.92,,,5197749760.0,55.0,72.11,10.46,17.84
CPB,The Campbell's Company,Consumer Defensive,32.790000915527344,33.31999969482422,-1.5906326054954998,9775682560,52.81,32.73,-37.90948510598875,4834800,4032453.3333333335,30.89,-0.4862,,,-22976200,21.86,9.62,,,681625024.0,476.0,12.99,2.52,11.66
WTW,Willis Towers Watson Public Limited Company,Financial Services,296.3299865722656,301.1099853515625,-1.5874594041496044,29381058560,344.14,254.44,-13.892605749908283,578800,535143.3333333334,34.92,-3.1867,,,-3861100,,16.38,,,688875008.0,124.0,81.98,3.61,-0.48
JCI,Johnson Controls International plc,Industrials,101.97000122070312,103.5999984741211,-1.5733564453913926,67101052928,104.15,64.31,-2.093133729521729,5433300,4657396.666666667,64.74,2.552,,,51855500,30.81,24.34,,,2593499904.0,145.0,24.02,4.25,13.14
UNH,UnitedHealth Group Incorporated,Healthcare,313.5299987792969,318.5,-1.5604399437058478,284415590400,630.73,248.88,-50.29093292228103,13736800,25151200.0,45.0,-11.5192,,,-120502400,13.12,10.49,,,20096374784.0,282.0,104.44,3.0,22.7
CSCO,"Cisco Systems, Inc.",Technology,64.08999633789062,65.0999984741211,-1.5514626112195231,253796384768,66.5,44.5,-3.6240656573073307,14632000,19229246.666666668,55.05,0.9798,,,58545000,26.16,16.43,,,11596375040.0,256.0,11.6,5.52,21.36
TSN,"Tyson Foods, Inc.",Consumer Defensive,54.810001373291016,55.66999816894531,-1.544811970434074,19525185536,66.88,53.91,-18.047246750461994,3090000,3466776.6666666665,39.07,-0.492,,,-10475100,21.33,15.66,,,1389500032.0,365.0,51.65,1.06,5.11
UL,Unilever PLC,Consumer Defensive,62.66999816894531,63.650001525878906,-1.5396753078397691,154811809792,65.87,54.32,-4.858056522020179,1987900,1981630.0,47.18,0.0972,,,-7916100,23.74,17.91,,,6307624960.0,332.0,8.07,7.76,29.4
A,"Agilent Technologies, Inc.",Healthcare,117.08000183105469,118.91000366210938,-1.5389805522626663,33258330112,153.84,96.43,-23.894954607998777,1652000,2253686.6666666665,58.57,2.2048,,,316800,28.84,20.72,,,1048374976.0,85.0,21.61,5.42,18.88
CHRW,"C.H. Robinson Worldwide, Inc.",Industrials,93.54000091552734,95.0,-1.5368411415501646,11106098176,114.82,83.23,-18.533355760732146,981500,1237956.6666666667,44.54,0.416,,,323700,22.32,19.65,,,553985856.0,265.0,14.58,6.41,32.11
AIV,Apartment Investment and Management Company,Real Estate,8.34000015258789,8.470000267028809,-1.5348301103008195,1181844736,9.49,6.89,-12.118017359453209,1304900,825236.6666666666,57.94,0.0747,,,3216700,,-18.53,,,-252215376.0,,0.81,10.35,-22.82
EG,"Everest Group, Ltd.",Financial Services,334.6099853515625,339.82000732421875,-1.5331710494860362,14232535040,407.3,320.0,-17.84679956995765,430400,417870.0,40.44,-2.1547,,,-3203100,16.89,5.03,,,4593375232.0,239.0,332.71,1.01,6.12
AMCR,Amcor plc,Consumer Cyclical,9.100000381469727,9.239999771118164,-1.5151449471464185,20851195904,11.48,8.37,-20.731703994166146,21495700,28655030.0,46.44,-0.0211,,,5444700,16.25,11.52,,,658000000.0,560.0,2.67,3.41,20.8
HRL,Hormel Foods Corporation,Consumer Defensive,30.579999923706055,31.049999237060547,-1.513685426418665,16815788032,33.8,27.59,-9.526627444656635,1980200,3018930.0,54.61,0.3608,,,11281300,22.49,18.09,,,449302016.0,379.0,14.61,2.09,9.37
META,"Meta Platforms, Inc.",Communication Services,682.8699951171875,693.3599853515625,-1.5129212034144337,1716960624640,740.91,442.65,-7.8336106791395,9261100,12576813.333333334,62.96,20.0344,,,88987200,26.66,26.99,,,36658999296.0,31.0,73.34,9.31,39.84
AEE,Ameren Corporation,Utilities,95.69999694824219,97.16999816894531,-1.512813881242744,25945417728,104.1,69.39,-8.069167196693378,1350000,1739256.6666666667,46.49,-0.3317,,,4734300,21.22,19.45,,,-2507375104.0,297.0,45.2,2.12,10.16
TDY,Teledyne Technologies Incorporated,Technology,487.4700012207031,494.95001220703125,-1.5112659464284106,22842503168,522.5,380.63,-6.704305986468301,266300,335780.0,42.26,2.4881,,,-174800,27.86,22.72,,,876275008.0,,211.84,2.3,8.62
NVO,Novo Nordisk A/S,Healthcare,79.83000183105469,81.05000305175781,-1.5052451261772848,356657299456,148.15,57.0,-46.11542232125907,7467200,10703870.0,70.25,2.9873,,,85064500,22.05,19.61,,,77731495936.0,202.0,31.21,2.56,88.11
AME,"AMETEK, Inc.",Industrials,176.9600067138672,179.66000366210938,-1.5028369660506813,40856350720,198.33,145.02,-10.774967622716092,1261500,1246873.3333333333,49.45,1.1183,,,7492200,28.96,24.24,,,1462736512.0,70.0,43.18,4.1,14.96
RHHBY,Roche Holding AG,Healthcare,41.31999969482422,41.95000076293945,-1.5017903615196262,267302780928,44.31,33.76,-6.7479131238451435,1241100,1725883.3333333333,58.67,0.3745,,,8710900,26.32,13.64,,,13666624512.0,336.0,39.94,1.03,26.47
MTCH,"Match Group, Inc.",Communication Services,30.200000762939453,30.65999984741211,-1.500323179262778,7405794816,38.84,26.39,-22.245106171628603,3244500,4812056.666666667,46.95,0.3268,,,1043500,14.95,12.18,,,691691648.0,252.0,-0.73,-41.09,
STT,State Street Corporation,Financial Services,96.13999938964844,97.5999984741211,-1.4959007246908707,27417399296,103.0,70.2,-6.660194767331615,1483700,1605083.3333333333,49.65,0.934,,,12277100,10.83,10.29,,,,316.0,80.14,1.2,11.22
UHS,"Universal Health Services, Inc.",Healthcare,171.07000732421875,173.66000366210938,-1.491417875891553,11023819776,243.25,153.99,-29.673172734134123,667800,739733.3333333334,30.9,-3.0604,,,-2142400,9.61,9.42,,,849583872.0,47.0,105.3,1.62,18.47
CSGP,"CoStar Group, Inc.",Real Estate,81.16000366210938,82.37000274658203,-1.4689802648123202,34240350208,83.68,68.26,-3.011467899008881,2666700,2854893.3333333335,67.72,1.333,,,11673400,289.86,72.46,,,85037504.0,,20.22,4.01,1.47
SNOW,Snowflake Inc.,Technology,208.17999267578125,211.27999877929688,-1.467250152132901,69460918272,214.83,107.13,-3.095474246715432,3634500,5439953.333333333,67.79,8.3086,,,70577400,,223.85,,,1157904896.0,,7.22,28.85,-40.14
ETR,Entergy Corporation,Utilities,82.06999969482422,83.29000091552734,-1.4647631255766815,36630712320,88.38,52.065,-7.139624694699906,2540300,2890566.6666666665,45.99,-0.2352,,,-17513000,26.56,10.6,,,-2324900864.0,292.0,35.25,2.33,8.85
SYY,Sysco Corporation,Consumer Defensive,74.29000091552734,75.38999938964844,-1.4590774413404903,36012224512,82.23,67.12,-9.655842252794185,2255200,2771506.6666666665,57.28,0.9361,,,28251800,19.2,15.1,,,2215365888.0,291.0,3.96,18.74,93.61
PFG,"Principal Financial Group, Inc.",Financial Services,75.9000015258789,77.0199966430664,-1.4541614723483964,17016097792,91.98,68.39,-17.482059658753098,1263200,1127766.6666666667,42.14,-0.297,,,-2922600,16.25,8.99,,,1386312448.0,401.0,49.86,1.52,9.73
VLTO,Veralto Corporation,Industrials,97.31999969482422,98.75,-1.4481015748615507,24121831424,115.0,83.865,-15.373913308848506,825500,1118356.6666666667,39.93,0.0736,,,-687700,27.81,25.95,,,773750016.0,45.0,9.29,10.48,46.04
VICI,VICI Properties Inc.,Real Estate,32.119998931884766,32.59000015258789,-1.442163910716654,33941524480,34.29,27.53,-6.328378734660932,5540400,5456276.666666667,55.28,0.1641,,,35300100,12.85,11.77,,,1063830016.0,539.0,25.18,1.28,10.12
KHC,The Kraft Heinz Company,Consumer Defensive,26.079999923706055,26.459999084472656,-1.4361268855432197,30866722816,36.53,26.01,-28.606624900886796,12760600,11180376.666666666,35.21,-0.3018,,,-35418100,11.91,8.5,,,2305625088.0,613.0,41.56,0.63,5.35
PPL,PPL Corporation,Utilities,33.88999938964844,34.380001068115234,-1.425252074588314,25053657088,36.7,27.24,-7.656677412402085,4193500,5004953.333333333,42.85,-0.3046,,,-21965200,25.29,18.52,,,-481124992.0,322.0,19.34,1.75,7.02
BALL,Ball Corporation,Consumer Cyclical,54.369998931884766,55.150001525878906,-1.4143292337501163,15083215872,68.12,43.51,-20.184969272042334,1636400,2666170.0,57.63,0.6444,,,12069300,30.89,15.4,,,251750000.0,147.0,19.68,2.76,8.22
XYL,Xylem Inc.,Industrials,125.5,127.30000305175781,-1.413985081387598,30540552192,143.5,100.47,-12.543554006968641,851600,1222106.6666666667,47.96,0.6307,,,771800,33.83,26.42,,,985500032.0,127.0,44.44,2.82,8.51
GE,GE Aerospace,Industrials,236.60000610351562,239.99000549316406,-1.4125585699630308,252307881984,257.47,150.2,-8.105796363259564,7417700,5943866.666666667,49.97,6.0761,,,73540400,37.32,45.15,,,2622874880.0,61.0,18.05,13.11,27.2
IQV,IQVIA Holdings Inc.,Healthcare,156.88999938964844,159.1300048828125,-1.4076575280781656,27141969920,252.88,134.65,-37.958715837690434,1473900,2647670.0,61.95,2.6455,,,7960100,21.4,13.0,,,2157750016.0,,34.33,4.57,21.64
DE,Deere & Company,Industrials,509.5899963378906,516.8599853515625,-1.406568358880966,138010738688,533.78,340.2,-4.5318302787870195,824500,1230746.6666666667,51.14,5.1136,,,5951600,24.63,22.99,,,4988000256.0,127.0,89.68,5.68,23.91
FRT,Federal Realty Investment Trust,Real Estate,95.29000091552734,96.63999938964844,-1.3969355159843868,8277642752,118.34,80.65,-19.477775126307804,405400,681483.3333333334,47.42,0.1097,,,-781700,27.38,31.04,,,390635872.0,462.0,35.15,2.71,9.45
AAPL,Apple Inc.,Technology,196.4499969482422,199.1999969482422,-1.3805221095031082,2934137946112,260.1,169.21,-24.47135834362085,51362400,54976576.666666664,38.77,-1.3554,,,-243164500,30.6,23.64,,,97251500032.0,53.0,4.47,43.94,138.01
MDT,Medtronic plc,Healthcare,87.2699966430664,88.48999786376953,-1.378688270036257,111874023424,96.25,75.96,-9.329873617593345,6008300,8034816.666666667,59.79,0.9828,,,69356500,24.17,14.92,,,4734249984.0,325.0,37.46,2.33,9.51
ODFL,"Old Dominion Freight Line, Inc.",Industrials,160.17999267578125,162.41000366210938,-1.373074894430528,33850036224,233.26,144.9,-31.329849663130734,1530700,1621450.0,46.27,-0.0147,,,-2536900,30.05,27.15,,,607407232.0,70.0,19.98,8.02,26.59
TYL,"Tyler Technologies, Inc.",Technology,579.719970703125,587.739990234375,-1.3645522959994316,24999555072,661.31,458.5,-12.337637310319662,350700,245893.33333333334,56.49,5.9625,,,1518800,87.7,53.53,,,513009984.0,,81.48,7.12,8.87
ILMN,"Illumina, Inc.",Healthcare,86.93000030517578,88.12999725341797,-1.361621451991646,13761018880,156.66,68.7,-44.51040450327092,1612800,2237293.3333333335,61.36,1.9798,,,4733800,,19.67,,,381000000.0,,14.89,5.84,-23.85
IBM,International Business Machines Corporation,Technology,277.2200012207031,281.0299987792969,-1.3557262837217177,257647427584,283.06,167.5,-2.0631663885031006,3243000,3593323.3333333335,70.04,6.5505,,,47811500,47.39,26.13,,,10564249600.0,242.0,28.92,9.59,21.85
J,Jacobs Solutions Inc.,Industrials,125.88999938964844,127.61000061035156,-1.3478577011805144,15126438912,149.0495,105.178215,-15.538127005022867,496900,824303.3666666667,49.09,0.4491,,,-2624163,41.55,18.93,,,1289841024.0,102.0,32.1,3.92,6.8
WST,"West Pharmaceutical Services, Inc.",Healthcare,221.91000366210938,224.91000366210938,-1.3338668583666073,15943213056,352.33,187.43,-37.01643241787262,447500,612546.6666666666,58.15,3.3214,,,2698000,34.84,29.51,,,233512496.0,38.0,37.37,5.94,17.42
ARE,"Alexandria Real Estate Equities, Inc.",Real Estate,72.11000061035156,73.05999755859375,-1.3002969887595395,12474235904,130.14,67.37,-44.590440594473975,1127700,1672956.6666666667,51.53,-0.0388,,,3957900,94.88,20.96,,,1259089792.0,732.0,102.66,0.7,1.48
BDX,"Becton, Dickinson and Company",Healthcare,172.2100067138672,174.4600067138672,-1.289693863012534,49356595200,251.99,163.33,-31.65998384306235,2276400,3231306.6666666665,52.16,0.8304,,,20037200,33.31,10.95,,,3501750016.0,242.0,88.07,1.96,5.89
SCHW,The Charles Schwab Corporation,Financial Services,87.36000061035156,88.5,-1.2881349035575564,158730502144,89.85,61.01,-2.7712847964924117,8938900,7096060.0,51.99,0.7213,,,55011200,26.47,22.99,,,,124.0,22.2,3.93,14.12
XEL,Xcel Energy Inc.,Utilities,67.62000274658203,68.5,-1.2846675232379106,39000580096,73.38,51.97,-7.849546543224263,2859600,3606573.3333333335,41.32,-0.5208,,,23833800,19.89,17.66,,,-3678500096.0,337.0,34.35,1.97,10.26
WBD,"Warner Bros. Discovery, Inc.",Communication Services,10.029999732971191,10.15999984741211,-1.2795287046586992,24814921728,12.7,6.64,-21.023624149833132,39378300,45261453.333333336,59.33,0.3111,,,116209200,,-77.15,,,19488999424.0,,13.68,0.73,-27.28
CMG,"Chipotle Mexican Grill, Inc.",Consumer Cyclical,50.2400016784668,50.88999938964844,-1.277260206282999,67691368448,69.2614,44.46,-27.463202189867946,9304900,11771063.333333334,44.55,-0.0535,,,-33028300,44.46,38.35,,,1160955648.0,,2.59,19.43,45.57
CINF,Cincinnati Financial Corporation,Financial Services,146.36000061035156,148.25,-1.2748731127476813,22876653568,161.75,112.27,-9.514682775671368,440800,491353.3333333333,44.71,0.3417,,,3359800,15.94,19.97,,,1229624960.0,238.0,87.77,1.67,10.97
AVB,"AvalonBay Communities, Inc.",Real Estate,206.17999267578125,208.8300018310547,-1.2689791371152304,29353433088,239.29,180.4,-13.83677016349147,664900,842013.3333333334,49.92,-0.2117,,,5081000,25.64,37.22,,,1227122816.0,340.0,83.8,2.46,9.69
BIIB,Biogen Inc.,Healthcare,130.64999389648438,132.30999755859375,-1.2546320706976348,19143882752,238.0,110.04,-45.10504458130909,1207400,1605953.3333333333,53.63,2.2614,,,6496000,12.9,7.84,,,3428212480.0,,115.9,1.13,9.19
TEAM,Atlassian Corporation,Technology,196.82000732421875,199.32000732421875,-1.2542644532083722,51666432000,326.0,135.29,-39.62576462447277,1900000,2330316.6666666665,35.68,-2.1659,,,-4370900,,47.89,,,1758542080.0,,5.2,37.84,-34.33
DOV,Dover Corporation,Industrials,176.5399932861328,178.77999877929688,-1.252939651224262,24204339200,222.31,143.04,-20.58837061484737,898500,911940.0,44.9,0.3186,,,-632400,23.48,18.76,,,922395776.0,117.0,52.06,3.39,16.88
HSIC,"Henry Schein, Inc.",Healthcare,70.19000244140625,71.08000183105469,-1.252109407317993,8774100992,82.49,60.56,-14.910895331062852,1480500,1601830.0,49.81,0.5503,,,-816900,21.87,13.5,,,548625024.0,,27.08,2.59,8.47
ORLY,"O'Reilly Automotive, Inc.",Consumer Cyclical,89.91000366210938,91.05000305175781,-1.252058595759079,76858843136,97.22467,66.93733,-7.523467385274363,4020300,5575013.333333333,43.59,-0.3915,,,-14359400,33.06,2.0,,,1610164736.0,,-1.58,-56.73,
WEC,"WEC Energy Group, Inc.",Utilities,105.11000061035156,106.44000244140625,-1.2495319433939651,33544175616,111.0,77.47,-5.306305756440033,1724700,2233160.0,45.06,-0.3266,,,-1091200,20.49,20.14,,,-755025024.0,340.0,40.66,2.59,12.58
COST,Costco Wholesale Corporation,Consumer Defensive,990.2100219726562,1002.7100219726562,-1.246621627996541,439135371264,1078.23,793.0,-8.163376833082344,1783300,2040423.3333333333,39.43,-3.475,,,3855700,56.17,50.32,,,6088374784.0,53.0,61.16,16.19,32.08
GM,General Motors Company,Consumer Cyclical,48.650001525878906,49.2599983215332,-1.2383207804285425,46773813248,61.24,38.96,-20.558456032202965,8701700,9324130.0,52.76,0.3902,,,75972100,6.79,4.6,,,1306000000.0,123.0,66.64,0.73,8.56
BK,The Bank of New York Mellon Corporation,Financial Services,88.5999984741211,89.70999908447266,-1.2373209471403124,63387451392,90.63,57.18,-2.2398781042468294,3527800,3743083.3333333335,52.95,0.9726,,,35891900,14.45,13.57,,,,212.0,52.82,1.68,11.23
JPM,JPMorgan Chase & Co.,Financial Services,264.95001220703125,268.239990234375,-1.2265054231731547,736319897600,280.25,190.9,-5.4594068841993755,7095300,7608023.333333333,54.57,2.4225,,,62815500,13.01,15.83,,,,211.0,119.24,2.22,17.35
ROST,"Ross Stores, Inc.",Consumer Cyclical,131.85000610351562,133.47000122070312,-1.213752230741881,43122675712,163.6,122.36,-19.407086733792404,2996900,3442326.6666666665,30.7,-2.2341,,,-15604800,20.83,19.71,,,1145347072.0,123.0,17.03,7.74,39.57
PFE,Pfizer Inc.,Healthcare,24.540000915527344,24.84000015258789,-1.2077263897653086,139518984192,31.54,20.92,-22.194036412405378,46359600,42732613.333333336,63.48,0.3164,,,247602400,17.78,8.38,,,15049249792.0,701.0,15.89,1.54,8.62
NTRS,Northern Trust Corporation,Financial Services,107.75,109.05999755859375,-1.2011714541713048,20961579008,114.67,80.45,-6.0347082933635665,1318600,1525300.0,58.74,1.8765,,,6739800,10.06,14.1,,,,278.0,61.65,1.75,17.68
NDAQ,"Nasdaq, Inc.",Financial Services,85.58999633789062,86.6300048828125,-1.2005177032238792,49139097600,87.5,58.28,-2.182861328125,3149200,3826666.6666666665,71.47,1.682,,,61737000,38.73,27.26,,,1834000000.0,126.0,20.12,4.25,11.42
SPG,"Simon Property Group, Inc.",Real Estate,156.89999389648438,158.7899932861328,-1.1902509412181528,59173109760,190.14,136.34,-17.48185868492459,2090700,1673376.6666666667,41.69,-0.2561,,,-6017100,24.98,23.14,,,1983254400.0,535.0,7.86,19.97,67.31
BAC,Bank of America Corporation,Financial Services,44.09000015258789,44.619998931884766,-1.187805450434796,332080578560,48.08,33.07,-8.298668567828843,43277900,37826370.0,55.04,0.6127,,,102928900,13.16,12.05,,,,236.0,36.39,1.21,9.46
GEHC,GE HealthCare Technologies Inc.,Healthcare,72.25,73.11000061035156,-1.1763104953794734,33082189824,94.8,57.65,-23.786919831223628,2976900,3860056.6666666665,53.82,0.4953,,,-6060900,15.18,15.47,,,1576875008.0,19.0,20.07,3.6,26.44
OTIS,Otis Worldwide Corporation,Industrials,95.81999969482422,96.94999694824219,-1.16554645589234,37817950208,106.828,89.7,-10.304414858628622,1873600,2707553.3333333335,47.96,-0.2909,,,13382000,25.08,22.87,,,1348499968.0,175.0,-12.97,-7.39,
CEG,Constellation Energy Corporation,Utilities,296.8900146484375,300.3800048828125,-1.1618583719434163,93050372096,352.0,155.6,-15.656245838512072,1524800,3512413.3333333335,54.96,6.3678,,,16443800,31.25,33.17,,,3761374976.0,52.0,41.34,7.18,23.97
GILD,"Gilead Sciences, Inc.",Healthcare,109.9800033569336,111.260009765625,-1.1504640448871128,136807424000,119.96,62.69,-8.319437014893632,8149300,8553496.666666666,57.13,1.9303,,,-12307500,23.11,14.8,,,9989000192.0,287.0,15.39,7.15,32.65
GDDY,GoDaddy Inc.,Technology,175.74000549316406,177.77000427246094,-1.1419242450968148,25040842752,216.0,135.725,-18.638886345757378,1271900,1354420.0,35.9,-1.123,,,4031000,33.8,26.19,,,958425024.0,,1.4,125.35,245.7
NSC,Norfolk Southern Corporation,Industrials,248.60000610351562,251.47000122070312,-1.1412872721421128,56045379584,277.6,201.63,-10.446683680289768,916900,1258886.6666666667,61.38,4.8339,,,13629000,16.98,18.31,,,1379874944.0,217.0,64.37,3.86,24.54
REG,Regency Centers Corporation,Real Estate,70.25,71.05999755859375,-1.1398783935024097,12829265920,78.18,60.64,-10.143259145561533,1452000,1000406.6666666666,40.79,-0.2651,,,-2765400,33.29,33.45,,,638198656.0,401.0,35.76,1.96,5.82
RMD,ResMed Inc.,Healthcare,249.33999633789062,252.2100067138672,-1.1379446887817561,36559978496,263.05,179.42,-5.211938286298949,427400,835586.6666666666,54.62,2.0176,,,135400,28.02,24.23,,,1202870656.0,85.0,37.83,6.59,25.81
SBUX,Starbucks Corporation,Consumer Cyclical,93.26000213623047,94.31999969482422,-1.123831172628722,105980665856,117.46,71.55,-20.602756567145857,7116000,10134790.0,66.06,2.3998,,,28726900,33.91,25.07,,,1848912512.0,262.0,-6.71,-13.9,
AZO,"AutoZone, Inc.",Consumer Cyclical,3642.60009765625,3683.469970703125,-1.109548153560038,60918845440,3916.81,2801.49,-7.000847688393104,119900,128243.33333333333,38.4,-22.3805,,,-18500,24.69,20.9,,,,,-237.65,-15.33,
BR,"Broadridge Financial Solutions, Inc.",Technology,237.17999267578125,239.8300018310547,-1.1049531480803656,27859873792,247.01,193.85,-3.979598932925283,368000,518540.0,42.71,1.2323,,,3028600,35.72,25.37,,,1226525056.0,148.0,20.33,11.67,33.92
AJG,Arthur J. Gallagher & Co.,Financial Services,316.6400146484375,320.1499938964844,-1.0963546196979699,81076625408,351.23,251.42,-9.848243416440086,1039000,1175526.6666666667,36.2,-4.7416,,,39600,48.79,28.07,,,2389237504.0,82.0,87.15,3.63,9.3
PEP,"PepsiCo, Inc.",Consumer Defensive,130.85000610351562,132.3000030517578,-1.095991621160376,179405815808,180.91,127.75,-27.671214358788554,9578600,8631240.0,51.72,0.1207,,,-46020200,19.24,15.16,,,7581499904.0,435.0,13.39,9.77,49.93
CAT,Caterpillar Inc.,Industrials,357.04998779296875,360.9599914550781,-1.0832235579205403,167925972992,418.5,267.3,-14.68339598734319,1609600,2332706.6666666665,61.99,6.2815,,,6721400,17.43,16.12,,,6817750016.0,169.0,38.35,9.31,55.65
PLD,"Prologis, Inc.",Real Estate,107.27999877929688,108.44000244140625,-1.0697193249660464,99547897856,132.57,85.35,-19.076715109529395,3359400,4154433.3333333335,47.62,0.4358,,,18065400,26.75,30.48,,,4307161088.0,377.0,57.55,1.86,6.83
WAB,Westinghouse Air Brake Technologies Corporation,Industrials,201.6999969482422,203.86000061035156,-1.0595524652420192,34516115456,210.88,147.66,-4.353188093587732,589300,794553.3333333334,51.48,1.8993,,,1538600,31.56,23.76,,,1158499968.0,50.0,60.6,3.33,10.68
MAA,"Mid-America Apartment Communities, Inc.",Real Estate,149.85000610351562,151.4499969482422,-1.0564482515462559,17999683584,173.38,137.51,-13.571342655718292,862800,899216.6666666666,32.29,-3.2633,,,1297100,31.15,36.11,,,990585280.0,404.0,50.89,2.94,9.37
SWKS,"Skyworks Solutions, Inc.",Technology,71.25,72.01000213623047,-1.0554119062414082,10696690688,120.86,47.93,-41.04749296706934,3365800,4032363.3333333335,53.13,1.1094,,,-4681300,27.83,11.13,,,1029425024.0,393.0,38.67,1.84,6.7
EA,Electronic Arts Inc.,Communication Services,148.47999572753906,150.0500030517578,-1.0463227539403623,37233733632,168.5,115.21,-11.881308173567321,1703900,3378283.3333333335,49.98,-0.4622,,,24646700,34.94,17.41,,,1655750016.0,51.0,25.31,5.87,16.13
DXCM,"DexCom, Inc.",Healthcare,81.98999786376953,82.8499984741211,-1.0380212748225832,32148852736,117.91,57.52,-30.463914965847227,2904100,3473683.3333333335,38.91,-0.0918,,,6524500,61.65,40.39,,,509037504.0,,5.78,14.18,23.72
APD,"Air Products and Chemicals, Inc.",Basic Materials,280.3699951171875,283.2799987792969,-1.0272534858264226,62394658816,341.14,243.69,-17.8138022169234,932900,1137916.6666666667,54.7,1.884,,,4079100,40.34,19.79,,,-3988649984.0,255.0,66.07,4.24,9.58
ELS,"Equity LifeStyle Properties, Inc.",Real Estate,62.36000061035156,63.0,-1.015872047061012,12490270720,76.6,58.86,-18.59007753217811,839000,1291260.0,41.15,-0.5251,,,-7049000,32.14,31.82,,,485889248.0,330.0,9.15,6.81,22.9
NWS,News Corporation,Communication Services,31.350000381469727,31.670000076293945,-1.010418989748438,16250241024,35.25,26.04,-11.06382870505042,789400,602693.3333333334,31.95,-0.1835,,,-1359200,38.23,32.07,,,-670875008.0,64.0,14.48,2.17,6.72
ZM,Zoom Communications Inc.,Technology,76.62999725341797,77.41000366210938,-1.0076299855198219,23184252928,92.8,55.06,-17.424571925196155,2266900,2540856.6666666665,30.27,-0.5905,,,-8273500,23.01,14.49,,,1784778368.0,,29.34,2.61,12.19
FDS,FactSet Research Systems Inc.,Financial Services,419.8999938964844,424.1700134277344,-1.0066764259792451,15933986816,499.87,391.69,-15.998160742496175,326000,338893.3333333333,26.75,-6.9478,,,-1496400,29.84,22.48,,,514323008.0,105.0,54.14,7.76,28.12
VRTX,Vertex Pharmaceuticals Incorporated,Healthcare,455.45001220703125,460.05999755859375,-1.0020400330449002,116958191616,519.88,377.85,-12.393242246858648,1021500,1846883.3333333333,52.14,-2.2551,,,-12523900,,24.26,,,2634387456.0,,64.2,7.09,-5.64
ACGL,Arch Capital Group Ltd.,Financial Services,90.98999786376953,91.91000366210938,-1.0009854876320972,34098958336,116.47,82.49,-21.876880000197875,1654500,1433416.6666666667,43.26,-0.5058,,,-972100,9.33,10.07,,,7810124800.0,,55.38,1.64,18.42
