symbol,company_name,sector,current_price,previous_close,percent_change,market_cap,fifty_two_week_high,fifty_two_week_low,distance_from_high,volume,avg_volume
CPAY,"Corpay, Inc.",Technology,323.25,350.04998779296875,-7.656045915596249,22786992128,400.81,247.1,-19.35081460043412,752921,592524.2
CZR,"Caesars Entertainment, Inc.",Consumer Cyclical,25.559999465942383,27.309999465942383,-6.407909316081757,5679610880,45.93,21.4,-44.350099137943864,6804392,5316998.4
MPWR,"Monolithic Power Systems, Inc.",Technology,673.010009765625,718.5700073242188,-6.340370053608025,32223719424,959.64,438.86,-29.86849133366419,1027516,673283.2
DECK,Deckers Outdoor Corporation,Consumer Cyclical,101.4800033569336,107.69999694824219,-5.775295977304215,15164766208,223.98,93.72,-54.69238174973944,3313295,2608799.0
SHW,The Sherwin-Williams Company,Basic Materials,335.8800048828125,356.20001220703125,-5.704662163910403,84171866112,400.42,292.27,-16.118074800756084,2793367,1283153.4
PYPL,"PayPal Holdings, Inc.",Financial Services,70.83000183105469,74.80999755859375,-5.320138828265291,68884512768,93.66,55.85,-24.37539842936719,16709623,9747504.6
ADBE,Adobe Inc.,Technology,391.67999267578125,413.67999267578125,-5.31812038036907,166934020096,587.75,332.01,-33.35942276890153,10611155,5194291.0
PPG,"PPG Industries, Inc.",Basic Materials,106.30000305175781,112.02999877929688,-5.114697661317805,24127444992,137.24,90.24,-22.544445459226313,2499615,1790223.0
NCLH,Norwegian Cruise Line Holdings Ltd.,Consumer Cyclical,17.780000686645508,18.719999313354492,-5.021360369593642,7944228864,29.29,14.21,-39.29668594521847,17230072,14309754.4
V,Visa Inc.,Financial Services,352.8500061035156,371.3999938964844,-4.994611765701578,675944202240,375.51,252.7,-6.034458175943215,12798524,6468884.8
CCL,Carnival Corporation & plc,Consumer Cyclical,22.40999984741211,23.56999969482422,-4.921509810909484,31934023680,28.72,13.78,-21.970752620431373,34299671,22078434.2
GPN,Global Payments Inc.,Industrials,74.62000274658203,78.27999877929688,-4.675518765698834,18198325248,120.0,65.93,-37.816664377848305,1989036,2778067.2
MA,Mastercard Incorporated,Financial Services,562.030029296875,589.280029296875,-4.6242870359130475,510369333248,594.71,428.86,-5.4951103400186705,5901946,2838749.2
PCG,PG&E Corporation,Utilities,13.640000343322754,14.300000190734863,-4.615383486775972,29976356864,21.72,13.515,-37.2007350675748,46161011,46091922.2
UAL,"United Airlines Holdings, Inc.",Industrials,74.0,77.43000030517578,-4.429807944797986,24168472576,116.0,37.02,-36.206896551724135,8660531,7272026.2
APO,"Apollo Global Management, Inc.",Financial Services,132.11000061035156,138.11000061035156,-4.344363169563472,75500077056,189.49,95.11,-30.28128101200509,4237940,3066988.0
MGM,MGM Resorts International,Consumer Cyclical,31.729999542236328,33.13999938964844,-4.2546767452643195,8635287552,47.26,25.3,-32.86077117597053,5121396,4185719.2
DAY,Dayforce Inc,Technology,57.08000183105469,59.59000015258789,-4.212113299389206,9126007808,82.69,47.08,-30.971094653459076,2114863,1561312.6
SMCI,"Super Micro Computer, Inc.",Technology,41.560001373291016,43.36000061035156,-4.151289694933315,24803756032,101.402,17.25,-59.014613742045505,36383775,28793115.0
EIX,Edison International,Utilities,48.31999969482422,50.369998931884766,-4.069881438418841,18591797248,88.77,47.86,-45.567196468599505,6040981,6739756.2
BBY,"Best Buy Co., Inc.",Consumer Cyclical,69.5999984741211,72.54000091552734,-4.05293962544869,14709751808,103.71,54.99,-32.88979030554325,2895209,3501641.8
TPR,"Tapestry, Inc.",Consumer Cyclical,78.91000366210938,82.19999694824219,-4.002425070896755,16388818944,90.85,35.23,-13.142538621783842,3129725,2887425.0
TGT,Target Corporation,Consumer Defensive,95.37000274658203,99.29000091552734,-3.948029139691838,43332886528,167.4,87.35,-43.02867219439545,6085907,6824321.4
EL,The Est√©e Lauder Companies Inc.,Consumer Defensive,67.30999755859375,69.98999786376953,-3.8291189983920386,24214906880,115.82,48.37,-41.883959973585085,2671294,3174358.8
LVS,Las Vegas Sands Corp.,Consumer Cyclical,40.33000183105469,41.90999984741211,-3.769978578167389,28498307072,56.61,30.18,-28.758166700133035,4893512,3736982.4
DAL,"Delta Air Lines, Inc.",Industrials,47.040000915527344,48.880001068115234,-3.7643210155086018,30714910720,69.98,34.74,-32.780793204447924,11603344,8344108.8
ON,ON Semiconductor Corporation,Technology,51.02000045776367,52.97999954223633,-3.6995075526758363,21320493056,80.08,31.04,-36.28871071707833,9493262,10703312.4
HPQ,HP Inc.,Technology,23.84000015258789,24.739999771118164,-3.6378319598084476,22392268800,39.8,21.21,-40.10050212917615,7077889,8036737.8
NKE,"NIKE, Inc.",Consumer Cyclical,60.529998779296875,62.79999923706055,-3.6146504543650737,89341673472,98.04,52.28,-38.25989516595587,13994007,12198041.4
ANET,Arista Networks Inc,Technology,92.3499984741211,95.7699966430664,-3.571053867414868,120279400448,133.575,59.43,-30.862812297120644,5201052,8012130.4
EXPE,"Expedia Group, Inc.",Consumer Cyclical,165.6300048828125,171.6999969482422,-3.535231318180772,21055051776,207.73,110.2,-20.266689990462375,1387438,1193767.6
EMN,Eastman Chemical Company,Basic Materials,76.19000244140625,78.94999694824219,-3.495876647905796,8796897280,114.5,70.9,-33.45851315161026,1688122,1500204.4
APTV,Aptiv PLC,Consumer Cyclical,67.25,69.68000030517578,-3.487371260811092,14642342912,80.95,47.19,-16.924027177269924,1730380,1873576.0
AXP,American Express Company,Financial Services,287.7900085449219,297.989990234375,-3.4229276229817778,201622519808,326.27,220.43,-11.793910397853958,3404176,2233055.2
GRMN,Garmin Ltd.,Technology,201.32000732421875,208.38999938964844,-3.3926733941825047,38762352640,246.5,158.38,-18.328597434394016,838354,865150.8
DELL,Dell Technologies Inc.,Technology,109.55999755859375,113.4000015258789,-3.3862468391667817,76981567488,161.52,66.25,-32.169392299038044,5118475,5987555.0
WYNN,"Wynn Resorts, Limited",Consumer Cyclical,84.18000030517578,87.06999969482422,-3.319167795770913,8801355776,107.81,65.25,-21.918189124222447,1977155,1818591.0
CLX,The Clorox Company,Consumer Defensive,123.06999969482422,127.27999877929688,-3.307667445670534,15687609344,171.37,122.835,-28.184629926577454,1707762,1437592.4
TER,"Teradyne, Inc.",Technology,83.08000183105469,85.91000366210938,-3.2941470264456063,13327693824,163.21,65.77,-49.09625523493984,2735724,2830324.8
BLDR,"Builders FirstSource, Inc.",Industrials,111.29000091552734,115.05000305175781,-3.268146055188671,12299214848,203.14,102.6,-45.215122124875776,1414358,1654651.6
SNPS,"Synopsys, Inc.",Technology,478.8599853515625,494.989990234375,-3.2586527406695702,74300391424,624.8,365.74,-23.357876864346586,1162056,1166351.2
MTB,M&T Bank Corporation,Financial Services,178.02999877929688,183.99000549316406,-3.239310036375114,28576663552,225.7,141.0,-21.120957563448435,1301595,991319.0
MCHP,Microchip Technology Incorporated,Technology,65.7300033569336,67.93000030517578,-3.238623492357858,35454697472,96.98,34.13,-32.22313533003342,9840875,10862415.0
LULU,lululemon athletica inc.,Consumer Cyclical,239.11000061035156,247.02999877929688,-3.2060876039679895,28657571840,423.32,226.01,-43.515543652472935,4463107,4487241.4
SWK,"Stanley Black & Decker, Inc.",Industrials,65.26000213623047,67.41999816894531,-3.203791295428678,10096570368,110.88,53.91,-41.14357671696386,1728231,2310126.2
CRM,"Salesforce, Inc.",Technology,258.3999938964844,266.9100036621094,-3.1883442541921796,247030398976,369.0,227.77,-29.972901383066564,5900205,6512061.0
MHK,"Mohawk Industries, Inc.",Consumer Cyclical,101.43000030517578,104.7699966430664,-3.187932084477797,6341880320,164.29,96.24,-38.26161038092654,901090,789098.0
CAG,"Conagra Brands, Inc.",Consumer Defensive,21.56999969482422,22.280000686645508,-3.186718895600659,10635627520,33.24,21.51,-35.1083041671955,9543676,8321915.2
TROW,"T. Rowe Price Group, Inc.",Financial Services,91.58000183105469,94.58000183105469,-3.1719178916477575,20176539648,125.81,77.85,-27.207692686547425,1195655,1251871.0
LEN,Lennar Corporation,Consumer Cyclical,108.61000061035156,112.1500015258789,-3.1564876213670665,28512624640,187.6089,98.42,-42.108289846403046,3314787,2905837.4
MAR,"Marriott International, Inc.",Consumer Cyclical,254.99000549316406,263.2300109863281,-3.1303442423941696,69840740352,307.52,204.55,-17.081814030578798,1780155,1339611.0
KKR,KKR & Co. Inc.,Financial Services,121.33000183105469,125.23999786376953,-3.1220026344682332,112255729664,170.4,86.15,-28.796947282244904,4207889,3489417.8
BF-B,Brown-Forman Corporation,Consumer Defensive,26.440000534057617,27.290000915527344,-3.1146953204611183,12951581696,49.89,26.325,-47.00340642602202,6079649,7562629.8
BX,Blackstone Inc.,Financial Services,136.41000366210938,140.7899932861328,-3.111009185945353,165496700928,200.96,115.66,-32.12081824138666,2967140,3062028.0
ZBRA,Zebra Technologies Corporation,Technology,283.6099853515625,292.67999267578125,-3.0989502361598484,14422787072,427.76,205.73,-33.69880649159283,302720,344604.0
CL,Colgate-Palmolive Company,Consumer Defensive,90.26000213623047,93.13999938964844,-3.0921164615533066,73148506112,109.3,85.32,-17.4199431507498,5331869,5162713.8
URI,"United Rentals, Inc.",Industrials,694.8400268554688,716.9199829101562,-3.079835488063741,45163905024,896.98,525.91,-22.535616529301798,467942,415608.4
MAS,Masco Corporation,Industrials,61.880001068115234,63.83000183105469,-3.0549909243316598,13053090816,86.7,56.55,-28.627449748425338,1762728,1808545.6
ADI,"Analog Devices, Inc.",Technology,225.02999877929688,232.1199951171875,-3.054453079025436,115189030912,247.1,158.65,-8.931607131000858,3282325,3402705.0
INTC,Intel Corporation,Technology,20.139999389648438,20.770000457763672,-3.0332260675504448,87850672128,37.16,17.67,-45.80193920977277,86407804,115143820.8
TMO,Thermo Fisher Scientific Inc.,Healthcare,402.760009765625,415.3299865722656,-3.02650355453049,152039489536,627.88,390.5,-35.85398328253408,2384592,2450538.4
HST,"Host Hotels & Resorts, Inc.",Real Estate,15.220000267028809,15.6899995803833,-2.995534263379568,10701365248,19.36,12.22,-21.38429614138012,10572090,9311458.0
BKNG,Booking Holdings Inc.,Consumer Cyclical,5298.3798828125,5461.9501953125,-2.994723617955683,172410863616,5639.7,3180.0,-6.052097047493658,263680,219536.0
NXPI,NXP Semiconductors N.V.,Technology,210.89999389648438,217.39999389648438,-2.9898804887248494,54921523200,296.08,148.09,-28.769253615075524,1831114,2216062.8
FI,"Fiserv, Inc.",Technology,163.02000427246094,168.02000427246094,-2.975836134304585,90383826944,238.59,146.46,-31.673580505276444,3499730,3488946.0
IFF,International Flavors & Fragrances Inc.,Basic Materials,76.08999633789062,78.37000274658203,-2.9092845843888204,19463059456,106.77,65.85,-28.734666724837847,1058307,1272761.4
STZ,"Constellation Brands, Inc.",Consumer Defensive,164.8800048828125,169.80999755859375,-2.9032405315712535,29356392448,265.7,160.46,-37.945048971466875,1637586,2274697.2
EPAM,"EPAM Systems, Inc.",Technology,170.75,175.83999633789062,-2.894674956720193,9673448448,269.0,138.15,-36.52416356877323,549810,596882.0
SNA,Snap-on Incorporated,Industrials,310.0,319.19000244140625,-2.879163623896165,16210209792,373.9,252.98,-17.090131051083173,318929,260225.8
RCL,Royal Caribbean Cruises Ltd.,Consumer Cyclical,258.0799865722656,265.7300109863281,-2.878871071305565,72161738752,279.89,130.08,-7.792351790965866,2789625,2086785.0
AVGO,Broadcom Inc.,Technology,248.6999969482422,256.07000732421875,-2.878123233950295,1169752981504,265.43,128.5,-6.30298121981608,18307585,22828577.0
GNRC,Generac Holdings Inc.,Industrials,124.72000122070312,128.38999938964844,-2.8584766620391537,7368657408,195.94,99.5,-36.347860967284305,786424,834084.8
KEY,KeyCorp,Financial Services,15.649999618530273,16.110000610351562,-2.8553753841928042,17151460352,20.04,12.73,-21.906189528292046,12205189,11689237.8
SRE,Sempra,Utilities,74.08000183105469,76.2300033569336,-2.8204137887963903,48312754176,95.77,61.9,-22.64800894742123,3855145,3921169.0
HBAN,Huntington Bancshares Incorporated,Financial Services,15.510000228881836,15.960000038146973,-2.8195476703606803,22595123200,18.45,11.92,-15.934958109041537,36224742,36170068.4
ALB,Albemarle Corporation,Basic Materials,60.720001220703125,62.47999954223633,-2.816898742682366,7351431168,113.91,49.43,-46.69475794864092,2139924,3076304.8
IVZ,Invesco Ltd.,Financial Services,14.529999732971191,14.949999809265137,-2.8093650946647757,6502988800,19.55,11.6,-25.67775072649007,5120725,5450105.0
CPRT,"Copart, Inc.",Industrials,48.59000015258789,49.9900016784668,-2.8005630703588418,48337137664,64.38,48.05,-24.526250151308023,8650594,7487578.8
LOW,"Lowe's Companies, Inc.",Consumer Cyclical,217.27000427246094,223.5,-2.7874701241785513,121766371328,287.01,206.39,-24.298803431078728,1910011,2294342.2
MTD,Mettler-Toledo International Inc.,Healthcare,1155.4200439453125,1188.2099609375,-2.759606304454491,24012863488,1546.93,946.69,-25.308834663151377,109215,173163.0
IPG,"The Interpublic Group of Companies, Inc.",Communication Services,23.0,23.639999389648438,-2.707273291761093,8503905280,33.05,22.51,-30.408472012102866,6603082,9874256.4
AMP,"Ameriprise Financial, Inc.",Financial Services,501.67999267578125,515.5499877929688,-2.6903298313639614,49092042752,582.05,385.74,-13.808093346657282,393337,387467.4
KVUE,Kenvue Inc.,Consumer Defensive,21.450000762939453,22.040000915527344,-2.6769515793088337,41182072832,25.17,17.67,-14.779496372906427,37242366,24585553.2
IP,International Paper Company,Consumer Cyclical,45.88999938964844,47.150001525878906,-2.672326819626718,24225423360,60.36,41.5,-23.972830699720944,2879758,3054311.6
HLT,Hilton Worldwide Holdings Inc.,Consumer Cyclical,243.8800048828125,250.5500030517578,-2.6621425215338936,57970278400,275.22,196.04,-11.387252059148146,1904207,1544421.4
ZTS,Zoetis Inc.,Healthcare,164.3300018310547,168.82000732421875,-2.659640622181119,73161031680,200.33,139.7,-17.97034801025574,2973479,2821175.8
USB,U.S. Bancorp,Financial Services,42.9900016784668,44.15999984741211,-2.6494523844838227,66979708928,53.98,35.18,-20.359389258120046,9466525,8686905.0
HPE,Hewlett Packard Enterprise Company,Technology,17.649999618530273,18.1299991607666,-2.6475431023463543,23160682496,24.66,11.965,-28.426603331183,13031930,12927706.0
LW,"Lamb Weston Holdings, Inc.",Consumer Defensive,54.79999923706055,56.279998779296875,-2.629707843527459,7733156864,87.94,47.9,-37.68478594830504,1339817,1247503.4
AVY,Avery Dennison Corporation,Consumer Cyclical,174.63999938964844,179.33999633789062,-2.6207187711697197,14020012032,233.48,157.0,-25.201302300133438,316009,501641.8
RL,Ralph Lauren Corporation,Consumer Cyclical,260.2099914550781,267.20001220703125,-2.6160256110082565,15696855040,289.33,155.96,-10.06463503436279,919415,787143.0
LUV,Southwest Airlines Co.,Industrials,31.729999542236328,32.58000183105469,-2.60896943231032,18081847296,36.12,23.58,-12.153932607319131,10109993,10471018.6
SYF,Synchrony Financial,Financial Services,59.84000015258789,61.439998626708984,-2.6041642413474078,22778515456,70.93,40.545,-15.635133014820408,2960006,4218341.2
RF,Regions Financial Corporation,Financial Services,21.510000228881836,22.079999923706055,-2.5815203659137795,19335985152,27.96,17.74,-23.068668709292435,10896421,10599044.2
IEX,IDEX Corporation,Industrials,177.82000732421875,182.50999450683594,-2.5697152615066914,13787648000,238.22,153.36,-25.354711055235178,650935,555367.0
FITB,Fifth Third Bancorp,Financial Services,37.97999954223633,38.97999954223633,-2.565418193287718,25351344128,49.07,32.25,-22.600367755784944,2760546,3851989.2
CDNS,"Cadence Design Systems, Inc.",Technology,300.0,307.8500061035156,-2.549945086204102,84056104960,328.99,221.56,-8.811817988388707,1188656,1516231.2
AMAT,"Applied Materials, Inc.",Technology,170.58999633789062,175.0,-2.520002092633929,136898125824,255.89,123.74,-33.334637407522514,5238508,5574361.6
QCOM,QUALCOMM Incorporated,Technology,154.72000122070312,158.6999969482422,-2.507873852598172,169882566656,230.63,120.8,-32.914191032951855,8440389,8529497.8
DHI,"D.R. Horton, Inc.",Consumer Cyclical,123.08000183105469,126.23999786376953,-2.5031654675128543,37807837184,199.85,110.44,-38.41380944155382,3201204,3086140.8
ECL,Ecolab Inc.,Basic Materials,264.2099914550781,270.95001220703125,-2.48755137416385,74906968064,273.69,220.96,-3.4637760038444494,1221133,1323766.6
MRNA,"Moderna, Inc.",Healthcare,26.670000076293945,27.350000381469727,-2.486289929401601,10314409984,145.735,23.15,-81.69966029005116,7132181,8393496.2
CDW,CDW Corporation,Technology,170.4199981689453,174.75,-2.4778265127637695,22441756672,241.26,137.31,-29.362514229899144,1115978,1056035.6
PNC,"The PNC Financial Services Group, Inc.",Financial Services,173.3699951171875,177.74000549316406,-2.4586532243269423,68579450880,216.26,145.12,-19.832611154541983,1339640,1603988.0
PKG,Packaging Corporation of America,Consumer Cyclical,188.55999755859375,193.30999755859375,-2.4571931405463077,16966628352,250.82,172.72,-24.822582904635293,523943,658268.6
COF,Capital One Financial Corporation,Financial Services,192.8300018310547,197.67999267578125,-2.453455597138313,126542381056,210.67,128.23,-8.468219570392225,2515576,3590515.2
WDAY,"Workday, Inc.",Technology,244.5399932861328,250.69000244140625,-2.4532327158562612,65193385984,294.0,199.81,-16.823131535328976,2199133,1793006.6
IR,Ingersoll Rand Inc.,Industrials,80.5,82.5199966430664,-2.4478874518181803,32478771200,106.03,65.61,-24.07809110629067,2209656,2260191.2
PHM,"PulteGroup, Inc.",Consumer Cyclical,101.61000061035156,104.1500015258789,-2.4387910497497316,20365387776,149.47,88.07,-32.01980289666718,1597599,1599659.8
HAS,"Hasbro, Inc.",Consumer Cyclical,67.80999755859375,69.5,-2.431658189073741,9502146560,73.46,49.0,-7.691263873408991,1689602,1989780.4
ALLE,Allegion plc,Industrials,135.3000030517578,138.6699981689453,-2.430226553462376,11642470400,156.1,113.27,-13.324789845126316,556572,630514.4
TFC,Truist Financial Corporation,Financial Services,38.970001220703125,39.939998626708984,-2.428636553225105,52302811136,49.06,33.56,-20.566650589679732,5166148,5725769.6
OMC,Omnicom Group Inc.,Communication Services,69.4800033569336,71.19000244140625,-2.4020213875959486,13606547456,107.0,69.13,-35.065417423426545,3958394,5142918.8
GLW,Corning Incorporated,Technology,49.599998474121094,50.81999969482422,-2.400632089786054,42480959488,55.33,37.05,-10.356048302690954,3573380,3547896.0
C,Citigroup Inc.,Financial Services,76.36000061035156,78.2300033569336,-2.3903907277747694,142619869184,84.74,53.51,-9.889071736663244,11986187,9597357.4
NTAP,"NetApp, Inc.",Technology,100.48999786376953,102.94000244140625,-2.3800315907620737,20134778880,135.45,71.84,-25.81026366646767,3515887,2482977.4
MKC,"McCormick & Company, Incorporated",Consumer Defensive,74.01000213623047,75.80999755859375,-2.3743509831563574,19846522880,86.24,66.88,-14.181351882849638,1993848,1919409.6
SW,Smurfit Westrock Plc,Consumer Cyclical,41.97999954223633,43.0,-2.3720940878224925,22446538752,56.986,37.01,-26.332784293973376,3757178,2582195.6
BAX,Baxter International Inc.,Healthcare,30.6200008392334,31.360000610351562,-2.359693101772131,15713419264,40.49,26.25,-24.376387159216108,2890177,3511535.4
LKQ,LKQ Corporation,Consumer Cyclical,38.119998931884766,39.040000915527344,-2.3565624028371026,9840601088,46.64,35.56,-18.267583765255647,1298334,1514166.8
ABNB,"Airbnb, Inc.",Consumer Cyclical,135.5399932861328,138.80999755859375,-2.355741178570816,85675229184,163.93,99.88,-17.318371691494658,5068328,4135505.6
KEYS,"Keysight Technologies, Inc.",Technology,158.19000244140625,162.0,-2.3518503448109565,27881621504,186.2,119.72,-15.042963243068606,628055,594351.0
POOL,Pool Corporation,Industrials,288.8999938964844,295.8299865722656,-2.342559236836657,11121782784,395.6,284.27,-26.971690117167757,550586,623257.2
HD,"The Home Depot, Inc.",Consumer Cyclical,354.6600036621094,363.1600036621094,-2.3405661180432613,352861159424,439.37,326.31,-19.279877173655606,2383164,2946632.8
LRCX,Lam Research Corporation,Technology,89.5199966430664,91.66000366210938,-2.334722816433412,114506817536,113.0,56.32,-20.778764032684595,10975938,10645447.6
TXN,Texas Instruments Incorporated,Technology,195.0,199.66000366210938,-2.333969536530531,177152032768,220.39,139.95,-11.52048641045419,5137792,5314978.4
PAYC,"Paycom Software, Inc.",Technology,245.0,250.85000610351562,-2.332073335131419,13724288000,267.76,139.5,-8.5001493875112,552419,597223.8
PNR,Pentair plc,Industrials,96.62000274658203,98.91000366210938,-2.3152369130935555,15896599552,110.71,72.63,-12.726941787930595,761210,861802.0
HUBB,Hubbell Incorporated,Industrials,382.0299987792969,391.0400085449219,-2.304114558290766,20389935104,481.345,299.425,-20.63281040017101,446397,438471.0
DD,"DuPont de Nemours, Inc.",Basic Materials,66.87000274658203,68.44000244140625,-2.293979600845788,28642027520,90.06,53.77,-25.749497283386596,1789041,2365288.2
KMB,Kimberly-Clark Corporation,Consumer Defensive,130.83999633789062,133.88999938964844,-2.277991683965621,43414802432,150.45,124.1,-13.034233075513038,1837761,1793872.2
RVTY,"Revvity, Inc.",Healthcare,93.52999877929688,95.69999694824219,-2.267500771310287,11024380928,129.5,87.7,-27.77606271868967,672649,1122569.8
MSCI,MSCI Inc.,Financial Services,542.72998046875,555.1900024414062,-2.2442806819042564,42955882496,642.45,475.32,-15.521833532765204,465510,494022.0
ROK,"Rockwell Automation, Inc.",Industrials,317.8500061035156,325.1400146484375,-2.24211361766847,35826782208,328.9,215.0,-3.35968193873042,696479,815315.8
APH,Amphenol Corporation,Technology,92.48999786376953,94.5999984741211,-2.23044465579857,114427699200,94.83,54.77,-2.4675758053679924,7121465,7388373.0
WFC,Wells Fargo & Company,Financial Services,72.36000061035156,74.01000213623047,-2.229430452983561,235472470016,81.5,50.15,-11.214723177482746,21110254,16084250.8
LYV,"Live Nation Entertainment, Inc.",Communication Services,138.1699981689453,141.30999755859375,-2.2220645700219808,32023937024,157.75,86.81,-12.412045534741482,1794105,2028181.0
LII,Lennox International Inc.,Industrials,538.0900268554688,550.2100219726562,-2.202794320927478,19094016000,682.5,500.1,-21.158970424107142,310952,307870.4
NVR,"NVR, Inc.",Consumer Cyclical,7225.669921875,7386.31982421875,-2.1749654248249657,21126631424,9964.77,6562.85,-27.487840443131155,17700,19120.0
DHR,Danaher Corporation,Healthcare,200.6699981689453,205.10000610351562,-2.15992579363184,143613493248,281.7,171.0,-28.76464388748835,3342352,4048110.4
GIS,"General Mills, Inc.",Consumer Defensive,53.560001373291016,54.7400016784668,-2.155645358045286,29329512448,75.9,52.39,-29.43346327629643,3210103,4289360.6
ADSK,"Autodesk, Inc.",Technology,292.1600036621094,298.57000732421875,-2.1469013982870417,63877279744,326.62,222.37,-10.550485683023277,1113917,1116023.4
FTV,Fortive Corporation,Technology,69.43000030517578,70.94000244140625,-2.128562283991565,23598006272,83.32,60.385,-16.670666940499533,3262987,2961757.4
INCY,Incyte Corporation,Healthcare,67.75,69.22000122070312,-2.1236654070781205,13114368000,83.95,53.56,-19.297200714711142,1399879,1803875.8
ZBH,"Zimmer Biomet Holdings, Inc.",Healthcare,91.27999877929688,93.26000213623047,-2.1231002697611823,18059565056,116.71,89.22,-21.789050827438196,1370283,1398696.6
ALGN,"Align Technology, Inc.",Healthcare,177.85000610351562,181.69000244140625,-2.1134879664768547,13169775616,270.28,141.74,-34.197866618500946,778786,735937.2
XEL,Xcel Energy Inc.,Utilities,67.62000274658203,69.06999969482422,-2.09931512183117,39000580096,73.38,51.97,-7.849546543224263,2859568,2753913.6
NVDA,NVIDIA Corporation,Technology,141.97000122070312,145.0,-2.089654330549569,3462307774464,153.13,86.62,-7.287924495067505,177854288,169781937.6
IT,"Gartner, Inc.",Technology,404.9700012207031,413.5899963378906,-2.0841884942848625,31169284096,584.01,366.05,-30.65700908876507,558765,809393.0
WAT,Waters Corporation,Healthcare,342.29998779296875,349.57000732421875,-2.0797034582281,20369965056,423.56,279.24,-19.185006187324404,347164,513912.8
MET,"MetLife, Inc.",Financial Services,77.3499984741211,78.98999786376953,-2.076211462211798,51924897792,89.05,65.21,-13.138687844894894,3450614,2454222.8
CHTR,"Charter Communications, Inc.",Communication Services,388.7200012207031,396.8999938964844,-2.0609707235003576,54825455616,437.06,272.49,-11.060266045690954,1023032,968206.4
CFG,"Citizens Financial Group, Inc.",Financial Services,40.33000183105469,41.16999816894531,-2.040311817463809,17853325312,49.25,32.6,-18.111671409026016,4457639,5603347.8
TEL,TE Connectivity plc,Technology,162.6199951171875,166.0,-2.0361475197665664,49226702848,167.94,116.3,-3.167800930577884,1106481,1861416.2
ETN,Eaton Corporation plc,Industrials,323.6600036621094,330.3399963378906,-2.0221567929511544,126648156160,379.99,231.85,-14.82407335400685,1565212,1654062.4
ACN,Accenture plc,Technology,311.7099914550781,318.1300048828125,-2.018047128279923,195138551808,398.35,275.01,-21.749719730117206,2472251,2234630.2
RJF,"Raymond James Financial, Inc.",Financial Services,145.6199951171875,148.61000061035156,-2.011981347745039,29379563520,174.32,104.24,-16.463977101200374,917913,908422.6
CHD,"Church & Dwight Co., Inc.",Consumer Defensive,97.08999633789062,99.08000183105469,-2.0084835046302296,23911032832,116.46,90.99,-16.632323254430165,2073677,1901815.4
GPC,Genuine Parts Company,Consumer Cyclical,119.68000030517578,122.12999725341797,-2.006056663670007,16610386944,149.22,104.01,-19.796273753400495,1231210,1113482.0
CPT,Camden Property Trust,Real Estate,116.12000274658203,118.48999786376953,-2.0001647058111467,12659287040,127.69,102.35,-9.061004975658209,696865,894273.0
AMD,"Advanced Micro Devices, Inc.",Technology,116.16000366210938,118.5,-1.9746804539161393,188341829632,187.28,76.48,-37.97522230771605,39598883,42741756.6
UBER,"Uber Technologies, Inc.",Technology,83.93000030517578,85.62000274658203,-1.9738406764693956,175511896064,93.6,54.84,-10.331196255154076,14531549,19189489.8
ROP,"Roper Technologies, Inc.",Technology,560.75,572.030029296875,-1.9719295699808153,60289036288,595.17,499.47,-5.783221600551096,436387,364037.4
TECH,Bio-Techne Corporation,Healthcare,50.52000045776367,51.529998779296875,-1.960020076575256,7919869440,83.62,46.01,-39.58383107179662,1873688,2499177.6
PH,Parker-Hannifin Corporation,Industrials,654.0900268554688,666.8599853515625,-1.9149384843298918,83578314752,718.44,488.45,-8.956902893008643,585703,504700.6
BEN,"Franklin Resources, Inc.",Financial Services,22.170000076293945,22.600000381469727,-1.9026561854766544,11650800640,24.37,16.25,-9.027492505974786,2203237,3876287.4
MCO,Moody's Corporation,Financial Services,471.8800048828125,481.010009765625,-1.8980904133910121,84909146112,531.93,378.71,-11.28907847220263,471860,512292.0
GEV,GE Vernova Inc.,Industrials,478.45001220703125,487.6700134277344,-1.8906229554484173,130585755648,500.72,150.01,-4.447593024638276,2431011,2850922.2
AKAM,"Akamai Technologies, Inc.",Technology,77.02999877929688,78.51000213623047,-1.8851144015580252,11174819840,106.8,67.51,-27.874532978186444,1766204,2187800.8
CBRE,"CBRE Group, Inc.",Real Estate,132.97000122070312,135.52000427246094,-1.8816432787524633,40399212544,147.75,85.74,-10.003383268559645,1097705,1482001.0
PCAR,PACCAR Inc,Industrials,91.87999725341797,93.63999938964844,-1.8795409522664206,48233230336,118.81,84.65,-22.66644453041161,1756720,1629964.0
BXP,"BXP, Inc.",Real Estate,72.0999984741211,73.4800033569336,-1.8780686169937177,12987084800,90.11,54.22,-19.986684636420936,1065635,1812927.0
CTSH,Cognizant Technology Solutions Corporation,Technology,78.94999694824219,80.45999908447266,-1.876711600064972,38917771264,90.82,63.79,-13.069811772470608,2409667,2268173.4
VTRS,Viatris Inc.,Healthcare,8.920000076293945,9.09000015258789,-1.8701878266255794,10469225472,13.55,6.85,-34.16974113436203,8656713,11533002.6
NOW,"ServiceNow, Inc.",Technology,988.6599731445312,1007.3699951171875,-1.8573138036019934,204802883584,1198.09,678.66,-17.48032508872194,1098831,957366.2
BMY,Bristol-Myers Squibb Company,Healthcare,49.75,50.689998626708984,-1.854406494723579,101245222912,63.33,39.35,-21.44323385441339,7300335,9834887.0
GS,"The Goldman Sachs Group, Inc.",Financial Services,613.5399780273438,625.1099853515625,-1.850875461173727,188259221504,672.19,437.37,-8.7252148905304,1674422,1671964.4
GILD,"Gilead Sciences, Inc.",Healthcare,109.9800033569336,112.05000305175781,-1.8473892355612433,136807424000,119.96,62.69,-8.319437014893632,7606417,7213963.4
MS,Morgan Stanley,Financial Services,129.49000549316406,131.9199981689453,-1.842019943533689,207743401984,142.03,90.94,-8.829116740713891,4367160,4618312.0
ITW,Illinois Tool Works Inc.,Industrials,241.47999572753906,246.00999450683594,-1.841388106356386,70842023936,279.13,214.66,-13.48834029751762,601595,666259.0
MLM,"Martin Marietta Materials, Inc.",Basic Materials,542.469970703125,552.6400146484375,-1.840265575373181,32703019008,633.23,441.95,-14.33286946241887,249973,302574.6
PRU,"Prudential Financial, Inc.",Financial Services,102.97000122070312,104.9000015258789,-1.8398477379427385,36452102144,130.55,90.38,-21.126004426883863,947662,1431252.4
EQR,Equity Residential,Real Estate,68.87999725341797,70.16999816894531,-1.8383938281164887,26973958144,78.83,59.41,-12.622101670153532,1586511,1463242.2
WY,Weyerhaeuser Company,Real Estate,26.799999237060547,27.299999237060547,-1.831501882685899,19437316096,34.03,24.1,-21.245961689507652,2808090,2990318.0
ESS,"Essex Property Trust, Inc.",Real Estate,284.4599914550781,289.75,-1.8257147696020277,19641847808,317.73,243.85,-10.471157443402225,438329,543405.8
FIS,"Fidelity National Information Services, Inc.",Technology,79.3499984741211,80.81999969482422,-1.8188582358993317,41690091520,91.98,66.51,-13.731247581951415,2953019,2481923.8
KMX,"CarMax, Inc.",Consumer Cyclical,64.91000366210938,66.11000061035156,-1.8151519243130834,10070852608,91.25,61.34,-28.865749411386986,3432929,3361605.8
JBL,Jabil Inc.,Technology,175.83999633789062,179.0800018310547,-1.8092503127293387,18875543552,180.16,95.85,-2.3978705939772267,1224664,1347432.8
TAP,Molson Coors Beverage Company,Consumer Defensive,50.59000015258789,51.52000045776367,-1.8051247999079496,10246599680,64.66,49.19,-21.75997501919596,1993774,1964114.8
TTWO,"Take-Two Interactive Software, Inc.",Communication Services,230.22999572753906,234.4600067138672,-1.8041503306320346,42106073088,240.78,135.24,-4.381594930002882,2007078,1549675.6
VMC,Vulcan Materials Company,Basic Materials,260.7699890136719,265.5299987792969,-1.7926448188558246,34448756736,298.31,215.08,-12.584228147339388,621663,706872.6
PG,The Procter & Gamble Company,Consumer Defensive,160.27999877929688,163.17999267578125,-1.777174915215439,375782866944,180.43,156.58,-11.167766569142122,4681056,6275051.2
TRMB,Trimble Inc.,Technology,71.08000183105469,72.36000061035156,-1.7689314103098046,16958765056,77.78,48.65,-8.614037244722697,696567,884313.4
MDLZ,"Mondelez International, Inc.",Consumer Defensive,66.93000030517578,68.12000274658203,-1.746920718475689,86662299648,76.06,53.95,-12.003680903003183,6527503,5707720.6
HSY,The Hershey Company,Consumer Defensive,169.1199951171875,172.1199951171875,-1.7429700703613529,34264387584,208.03,140.13,-18.70403541932053,1546977,1581555.4
EFX,Equifax Inc.,Industrials,264.2900085449219,268.9700012207031,-1.7399682695250038,32824555520,309.63,199.98,-14.64328115979657,663573,652334.6
FFIV,"F5, Inc.",Technology,286.6099853515625,291.6600036621094,-1.7314744041481138,16460470272,313.0,165.68,-8.431314584165335,253468,254093.6
CARR,Carrier Global Corporation,Industrials,71.23999786376953,72.4800033569336,-1.7108242766733273,61074763776,83.32,54.22,-14.498322295043762,3559100,4470100.0
SJM,The J. M. Smucker Company,Consumer Defensive,95.72000122070312,97.37000274658203,-1.6945686344214734,10186234880,125.42,93.93,-23.680432769332544,2925041,5899228.2
UDR,"UDR, Inc.",Real Estate,41.22999954223633,41.939998626708984,-1.6928924838364252,15543544832,47.55,36.61,-13.291273307599724,2073815,1638603.0
MMM,3M Company,Industrials,142.32000732421875,144.77000427246094,-1.6923374151673225,76593922048,156.35,98.26,-8.97345230302606,2450288,2791097.6
KO,The Coca-Cola Company,Consumer Defensive,71.0199966430664,72.23999786376953,-1.6888168006369657,305689231360,74.38,60.62,-4.517347885094904,11341144,12282568.8
BA,The Boeing Company,Industrials,200.32000732421875,203.75,-1.6834319881134971,153628606464,218.8,128.88,-8.446066122386316,15085227,13735985.4
NDSN,Nordson Corporation,Industrials,214.36000061035156,218.02999877929688,-1.6832537675975066,12113248256,266.86,165.03,-19.673236674529136,354727,428105.4
AME,"AMETEK, Inc.",Industrials,176.9600067138672,179.97000122070312,-1.6724979087735194,41551269888,198.33,145.02,-10.774967622716092,1261500,1235900.0
COO,"The Cooper Companies, Inc.",Healthcare,69.69999694824219,70.87999725341797,-1.6647860481101802,13906055168,112.38,65.0,-37.97829066716303,1571268,1962553.6
BLK,"BlackRock, Inc.",Financial Services,971.8200073242188,988.25,-1.6625340425784216,150560194560,1084.22,759.99,-10.366899031172757,674257,555431.4
CCI,Crown Castle Inc.,Real Estate,98.38999938964844,100.02999877929688,-1.639507557394739,42844811264,120.92,84.2,-18.63215399466719,2299843,3045508.6
GEN,Gen Digital Inc.,Technology,29.780000686645508,30.270000457763672,-1.618763672639749,18470451200,31.72,22.74,-6.116012967700161,4692885,4703757.0
FAST,Fastenal Company,Industrials,42.16999816894531,42.86000061035156,-1.609898347130682,48379105280,43.1,30.68,-2.1577768701964937,6073834,5049266.8
CRL,"Charles River Laboratories International, Inc.",Healthcare,149.4499969482422,151.88999938964844,-1.6064273166180156,7340341248,254.15,91.86,-41.19614521021358,699376,806975.2
CMI,Cummins Inc.,Industrials,319.5299987792969,324.739990234375,-1.6043578283407325,44016857088,387.9,260.02,-17.62567703549964,553606,503021.2
GWW,"W.W. Grainger, Inc.",Industrials,1064.22998046875,1081.550048828125,-1.6014116386145556,51124756480,1227.66,888.75,-13.312319333630654,157631,163206.2
ANSS,"ANSYS, Inc.",Technology,338.010009765625,343.5,-1.59825043213246,30199199744,363.03,275.06,-6.891989707290024,428328,533345.6
INTU,Intuit Inc.,Technology,753.97998046875,766.2100219726562,-1.5961735233401455,210320457728,773.45,532.65,-2.51729517502748,1131668,1294733.6
CPB,The Campbell's Company,Consumer Defensive,32.790000915527344,33.31999969482422,-1.5906326054954998,9933698048,52.81,32.73,-37.90948510598875,4615574,5174334.8
WTW,Willis Towers Watson Public Limited Company,Financial Services,296.3299865722656,301.1099853515625,-1.5874594041496044,29381058560,344.14,253.54,-13.892605749908283,542327,574425.4
JCI,Johnson Controls International plc,Industrials,101.97000122070312,103.5999984741211,-1.5733564453913926,67101052928,104.15,64.31,-2.093133729521729,3638340,4315048.0
UNH,UnitedHealth Group Incorporated,Healthcare,313.5299987792969,318.5,-1.5604399437058478,284415590400,630.73,248.88,-50.29093292228103,12096235,13263847.0
CSCO,"Cisco Systems, Inc.",Technology,64.08999633789062,65.0999984741211,-1.5514626112195231,253796384768,66.5,44.5,-3.6240656573073307,14482480,16198116.0
TSN,"Tyson Foods, Inc.",Consumer Defensive,54.810001373291016,55.66999816894531,-1.544811970434074,19525185536,66.88,53.61,-18.047246750461994,3089957,2628011.4
A,"Agilent Technologies, Inc.",Healthcare,117.08000183105469,118.91000366210938,-1.5389805522626663,33778165760,153.84,96.43,-23.894954607998777,1635462,2279332.4
CHRW,"C.H. Robinson Worldwide, Inc.",Industrials,93.54000091552734,95.0,-1.5368411415501646,11279427584,114.82,82.16,-18.533355760732146,967222,896964.4
EG,"Everest Group, Ltd.",Financial Services,334.6099853515625,339.82000732421875,-1.5331710494860362,14232535040,407.3,320.0,-17.84679956995765,430435,339047.0
AMCR,Amcor plc,Consumer Cyclical,9.100000381469727,9.239999771118164,-1.5151449471464185,20851195904,11.48,8.37,-20.731703994166146,21495599,22329539.8
HRL,Hormel Foods Corporation,Consumer Defensive,30.579999923706055,31.049999237060547,-1.513685426418665,16815788032,33.8,27.59,-9.526627444656635,1980131,2350926.2
META,"Meta Platforms, Inc.",Communication Services,682.8699951171875,693.3599853515625,-1.5129212034144337,1716960624640,740.91,442.65,-7.8336106791395,9245769,9954853.8
AEE,Ameren Corporation,Utilities,95.69999694824219,97.16999816894531,-1.512813881242744,26343911424,104.1,69.39,-8.069167196693378,1349986,1788277.2
TDY,Teledyne Technologies Incorporated,Technology,487.4700012207031,494.95001220703125,-1.5112659464284106,22842503168,522.5,380.63,-6.704305986468301,263569,357773.8
NDAQ,"Nasdaq, Inc.",Financial Services,85.58999633789062,86.9000015258789,-1.5074858055073341,49139097600,87.5,58.28,-2.182861328125,3143352,3394270.4
MTCH,"Match Group, Inc.",Communication Services,30.200000762939453,30.65999984741211,-1.500323179262778,7405794816,38.84,26.39,-22.245106171628603,3133056,3858391.2
STT,State Street Corporation,Financial Services,96.13999938964844,97.5999984741211,-1.4959007246908707,27417399296,103.0,70.2,-6.660194767331615,1483732,1581706.4
UHS,"Universal Health Services, Inc.",Healthcare,171.07000732421875,173.66000366210938,-1.491417875891553,11023819776,243.25,153.99,-29.673172734134123,667812,996302.4
CSGP,"CoStar Group, Inc.",Real Estate,81.16000366210938,82.37000274658203,-1.4689802648123202,34240350208,83.68,68.26,-3.011467899008881,2448474,2677094.8
ETR,Entergy Corporation,Utilities,82.06999969482422,83.29000091552734,-1.4647631255766815,36630712320,88.38,52.065,-7.139624694699906,2540159,2817911.8
SYY,Sysco Corporation,Consumer Defensive,74.29000091552734,75.38999938964844,-1.4590774413404903,36012224512,82.23,67.12,-9.655842252794185,2255189,2529697.8
PFG,"Principal Financial Group, Inc.",Financial Services,75.9000015258789,77.0199966430664,-1.4541614723483964,17016097792,91.98,68.39,-17.482059658753098,1208873,1151994.6
VLTO,Veralto Corporation,Industrials,97.31999969482422,98.75,-1.4481015748615507,24121831424,115.0,83.865,-15.373913308848506,825458,849011.6
VICI,VICI Properties Inc.,Real Estate,32.119998931884766,32.59000015258789,-1.442163910716654,33941524480,34.29,27.53,-6.328378734660932,5540273,5625574.6
KHC,The Kraft Heinz Company,Consumer Defensive,26.079999923706055,26.459999084472656,-1.4361268855432197,30866722816,36.53,26.01,-28.606624900886796,12755125,10758505.0
PPL,PPL Corporation,Utilities,33.88999938964844,34.380001068115234,-1.425252074588314,25053657088,36.7,27.24,-7.656677412402085,4192498,4231259.6
BALL,Ball Corporation,Consumer Cyclical,54.369998931884766,55.150001525878906,-1.4143292337501163,15299554304,68.12,43.51,-20.184969272042334,1636366,2053133.2
XYL,Xylem Inc.,Industrials,125.5,127.30000305175781,-1.413985081387598,30540552192,143.5,100.47,-12.543554006968641,851584,896456.8
GE,GE Aerospace,Industrials,236.60000610351562,239.99000549316406,-1.4125585699630308,252307881984,257.47,150.2,-8.105796363259564,5874763,7752932.6
IQV,IQVIA Holdings Inc.,Healthcare,156.88999938964844,159.1300048828125,-1.4076575280781656,27141969920,252.88,134.65,-37.958715837690434,1473864,2210752.8
DE,Deere & Company,Industrials,509.5899963378906,516.8599853515625,-1.406568358880966,138010738688,533.78,340.2,-4.5318302787870195,824389,1010677.8
FRT,Federal Realty Investment Trust,Real Estate,95.29000091552734,96.63999938964844,-1.3969355159843868,8277642752,118.34,80.65,-19.477775126307804,405449,629709.8
AIG,"American International Group, Inc.",Financial Services,84.61000061035156,85.80000305175781,-1.3869491830768297,48763281408,88.07,69.0,-3.928692392015932,3429724,4127744.8
AAPL,Apple Inc.,Technology,196.4499969482422,199.1999969482422,-1.3805221095031082,2934137946112,260.1,169.21,-24.47135834362085,50778564,56641652.8
MDT,Medtronic plc,Healthcare,87.2699966430664,88.48999786376953,-1.378688270036257,111874023424,96.25,75.96,-9.329873617593345,4913557,6132971.4
ODFL,"Old Dominion Freight Line, Inc.",Industrials,160.17999267578125,162.41000366210938,-1.373074894430528,33850036224,233.26,144.9,-31.329849663130734,1289730,1484306.0
TYL,"Tyler Technologies, Inc.",Technology,579.719970703125,587.739990234375,-1.3645522959994316,24999555072,661.31,458.5,-12.337637310319662,350724,243104.8
IBM,International Business Machines Corporation,Technology,277.2200012207031,281.0299987792969,-1.3557262837217177,257647427584,283.06,167.23,-2.0631663885031006,2425651,3998930.2
J,Jacobs Solutions Inc.,Industrials,125.88999938964844,127.61000061035156,-1.3478577011805144,15126438912,149.0495,105.178215,-15.538127005022867,496650,576730.0
WST,"West Pharmaceutical Services, Inc.",Healthcare,221.91000366210938,224.91000366210938,-1.3338668583666073,16158732288,352.33,187.43,-37.01643241787262,447446,659169.2
AMT,American Tower Corporation,Real Estate,214.8000030517578,217.6999969482422,-1.3321056211010622,101913796608,243.56,172.51,-11.808177429890865,2455578,1834855.6
ARE,"Alexandria Real Estate Equities, Inc.",Real Estate,72.11000061035156,73.05999755859375,-1.3002969887595395,12638575616,130.14,67.37,-44.590440594473975,886544,1295048.8
BDX,"Becton, Dickinson and Company",Healthcare,172.2100067138672,174.4600067138672,-1.289693863012534,49356595200,251.99,163.33,-31.65998384306235,2276367,2534233.4
SCHW,The Charles Schwab Corporation,Financial Services,87.36000061035156,88.5,-1.2881349035575564,158730502144,89.85,61.01,-2.7712847964924117,8938635,6127087.0
WBD,"Warner Bros. Discovery, Inc.",Communication Services,10.029999732971191,10.15999984741211,-1.2795287046586992,24814921728,12.7,6.64,-21.023624149833132,39330993,75328558.6
CMG,"Chipotle Mexican Grill, Inc.",Consumer Cyclical,50.2400016784668,50.88999938964844,-1.277260206282999,68567556096,69.2614,44.46,-27.463202189867946,7228956,10807411.2
CINF,Cincinnati Financial Corporation,Financial Services,146.36000061035156,148.25,-1.2748731127476813,23172007936,161.75,111.92,-9.514682775671368,413799,412479.8
AVB,"AvalonBay Communities, Inc.",Real Estate,206.17999267578125,208.8300018310547,-1.2689791371152304,29730742272,239.29,180.4,-13.83677016349147,664873,872814.6
BIIB,Biogen Inc.,Healthcare,130.64999389648438,132.30999755859375,-1.2546320706976348,19143882752,238.0,110.04,-45.10504458130909,1207418,1151703.6
DOV,Dover Corporation,Industrials,176.5399932861328,178.77999877929688,-1.252939651224262,24204339200,222.31,143.04,-20.58837061484737,898534,826286.8
HSIC,"Henry Schein, Inc.",Healthcare,70.19000244140625,71.08000183105469,-1.252109407317993,8774100992,82.49,60.56,-14.910895331062852,1383272,1098074.4
ORLY,"O'Reilly Automotive, Inc.",Consumer Cyclical,89.91000366210938,91.05000305175781,-1.252058595759079,76858843136,97.22467,65.924,-7.523467385274363,4013158,5041651.6
WEC,"WEC Energy Group, Inc.",Utilities,105.11000061035156,106.44000244140625,-1.2495319433939651,33544175616,111.0,77.47,-5.306305756440033,1724704,1762140.8
COST,Costco Wholesale Corporation,Consumer Defensive,990.2100219726562,1002.7100219726562,-1.246621627996541,439135371264,1078.23,793.0,-8.163376833082344,1753812,1977082.4
GM,General Motors Company,Consumer Cyclical,48.650001525878906,49.2599983215332,-1.2383207804285425,46773813248,61.24,38.96,-20.558456032202965,5269918,7377643.6
BK,The Bank of New York Mellon Corporation,Financial Services,88.5999984741211,89.70999908447266,-1.2373209471403124,64181571584,90.63,57.18,-2.2398781042468294,3527281,2975756.2
JPM,JPMorgan Chase & Co.,Financial Services,264.95001220703125,268.239990234375,-1.2265054231731547,736319897600,280.25,190.9,-5.4594068841993755,5670429,7109125.8
ROST,"Ross Stores, Inc.",Consumer Cyclical,131.84500122070312,133.47000122070312,-1.2175020492529516,43122675712,163.6,122.36,-19.410145953115446,2979759,3744911.8
PFE,Pfizer Inc.,Healthcare,24.540000915527344,24.84000015258789,-1.2077263897653086,139518984192,31.54,20.92,-22.194036412405378,42160118,41233203.6
MSI,"Motorola Solutions, Inc.",Technology,408.1000061035156,413.07000732421875,-1.203186174880562,68118421504,507.82,370.0,-19.636878007263274,576279,670915.8
NTRS,Northern Trust Corporation,Financial Services,107.75,109.05999755859375,-1.2011714541713048,20961579008,114.67,80.45,-6.0347082933635665,1292859,1613211.8
SPG,"Simon Property Group, Inc.",Real Estate,156.89999389648438,158.7899932861328,-1.1902509412181528,59173109760,190.14,136.34,-17.48185868492459,1273587,1358457.4
BAC,Bank of America Corporation,Financial Services,44.09000015258789,44.619998931884766,-1.187805450434796,332080578560,48.08,33.07,-8.298668567828843,36404535,35817307.0
GEHC,GE HealthCare Technologies Inc.,Healthcare,72.25,73.11000061035156,-1.1763104953794734,33475954688,94.8,57.65,-23.786919831223628,2822557,3211611.4
DLR,"Digital Realty Trust, Inc.",Real Estate,174.47000122070312,176.52999877929688,-1.166939088448769,59867807744,198.0,129.95,-11.883837767321655,1146118,1713763.6
OTIS,Otis Worldwide Corporation,Industrials,95.81999969482422,96.94999694824219,-1.16554645589234,38263898112,106.828,89.7,-10.304414858628622,1873523,1911944.6
CEG,Constellation Energy Corporation,Utilities,296.8900146484375,300.3800048828125,-1.1618583719434163,93050372096,352.0,155.6,-15.656245838512072,1524101,2546240.2
GDDY,GoDaddy Inc.,Technology,175.74000549316406,177.77000427246094,-1.1419242450968148,25040842752,216.0,135.725,-18.638886345757378,1271912,1322482.4
NSC,Norfolk Southern Corporation,Industrials,248.60000610351562,251.47000122070312,-1.1412872721421128,56045379584,277.6,201.63,-10.446683680289768,916879,1187955.8
REG,Regency Centers Corporation,Real Estate,70.25,71.05999755859375,-1.1398783935024097,12829265920,78.18,60.64,-10.143259145561533,1379707,1044261.4
RMD,ResMed Inc.,Healthcare,249.33999633789062,252.2100067138672,-1.1379446887817561,36559978496,263.05,179.42,-5.211938286298949,427411,691882.2
SBUX,Starbucks Corporation,Consumer Cyclical,93.26000213623047,94.31999969482422,-1.123831172628722,105980665856,117.46,71.55,-20.602756567145857,6697915,8745023.0
VRSK,"Verisk Analytics, Inc.",Industrials,310.4100036621094,313.9100036621094,-1.1149692456973677,43421392896,322.92,257.59,-3.8740233921375697,543889,557037.8
AZO,"AutoZone, Inc.",Consumer Cyclical,3642.60009765625,3683.469970703125,-1.109548153560038,61602197504,3916.81,2792.14,-7.000847688393104,119845,148749.0
BR,"Broadridge Financial Solutions, Inc.",Technology,237.17999267578125,239.8300018310547,-1.1049531480803656,28171290624,247.01,192.68,-3.979598932925283,368032,401406.4
AJG,Arthur J. Gallagher & Co.,Financial Services,316.6400146484375,320.1499938964844,-1.0963546196979699,81076625408,351.23,251.42,-9.848243416440086,776259,1342211.8
PEP,"PepsiCo, Inc.",Consumer Defensive,130.85000610351562,132.3000030517578,-1.095991621160376,179405815808,180.91,127.75,-27.671214358788554,10352357,10254331.4
CAT,Caterpillar Inc.,Industrials,357.04998779296875,360.9599914550781,-1.0832235579205403,167925972992,418.5,267.3,-14.68339598734319,1607030,1954386.0
PLD,"Prologis, Inc.",Real Estate,107.27999877929688,108.44000244140625,-1.0697193249660464,99547897856,132.57,85.35,-19.076715109529395,2249553,3207030.6
WAB,Westinghouse Air Brake Technologies Corporation,Industrials,201.6999969482422,203.86000061035156,-1.0595524652420192,34516115456,210.88,147.66,-4.353188093587732,589328,630205.6
MAA,"Mid-America Apartment Communities, Inc.",Real Estate,149.85000610351562,151.4499969482422,-1.0564482515462559,17999683584,173.38,136.85,-13.571342655718292,862796,1242499.2
SWKS,"Skyworks Solutions, Inc.",Technology,71.25,72.01000213623047,-1.0554119062414082,10696690688,120.86,47.93,-41.04749296706934,3313699,3277459.8
EA,Electronic Arts Inc.,Communication Services,148.47999572753906,150.0500030517578,-1.0463227539403623,37233733632,168.5,115.21,-11.881308173567321,1703485,2530617.0
DXCM,"DexCom, Inc.",Healthcare,81.98999786376953,82.8499984741211,-1.0380212748225832,32148852736,117.91,57.52,-30.463914965847227,2904024,2655064.8
APD,"Air Products and Chemicals, Inc.",Basic Materials,280.3699951171875,283.2799987792969,-1.0272534858264226,63042314240,341.14,243.69,-17.8138022169234,932928,1024645.6
NWS,News Corporation,Communication Services,31.350000381469727,31.670000076293945,-1.010418989748438,16239645696,35.25,26.04,-11.06382870505042,782340,602188.0
FDS,FactSet Research Systems Inc.,Financial Services,419.8999938964844,424.1700134277344,-1.0066764259792451,15933986816,499.87,391.69,-15.998160742496175,325972,302094.4
VRTX,Vertex Pharmaceuticals Incorporated,Healthcare,455.45001220703125,460.05999755859375,-1.0020400330449002,116958191616,519.88,377.85,-12.393242246858648,934396,1044959.2
ACGL,Arch Capital Group Ltd.,Financial Services,90.98999786376953,91.91000366210938,-1.0009854876320972,34098958336,116.47,82.49,-21.876880000197875,1642454,1779850.8
